{"type":"FeatureCollection","metadata":{"generated":1758358550000,"url":"https://earthquake.usgs.gov/earthquakes/feed/v1.0/summary/all_day.geojson","title":"USGS All Earthquakes, Past Day","status":200,"api":"1.14.1","count":240},"features":[{"type":"Feature","properties":{"mag":2.6,"place":"60 km W of Anchor Point, Alaska","time":1758357864948,"updated":1758357942402,"tz":null,"url":"https://earthquake.usgs.gov/earthquakes/eventpage/ak025c33d844","detail":"https://earthquake.usgs.gov/earthquakes/feed/v1.0/detail/ak025c33d844.geojson","felt":null,"cdi":null,"mmi":null,"alert":null,"status":"automatic","tsunami":0,"sig":104,"net":"ak","code":"025c33d844","ids":",ak025c33d844,","sources":",ak,","types":",origin,phase-data,","nst":null,"dmin":null,"rms":0.25,"gap":null,"magType":"ml","type":"earthquake","title":"M 2.6 - 60 km W of Anchor Point, Alaska"},"geometry":{"type":"Point","coordinates":[-152.8988,59.8752,93.2]},"id":"ak025c33d844"},
{"type":"Feature","properties":{"mag":2.3,"place":"44 km SSW of Ugashik, Alaska","time":1758357158047,"updated":1758357295685,"tz":null,"url":"https://earthquake.usgs.gov/earthquakes/eventpage/ak025c33aokc","detail":"https://earthquake.usgs.gov/earthquakes/feed/v1.0/detail/ak025c33aokc.geojson","felt":null,"cdi":null,"mmi":null,"alert":null,"status":"automatic","tsunami":0,"sig":81,"net":"ak","code":"025c33aokc","ids":",ak025c33aokc,","sources":",ak,","types":",origin,phase-data,","nst":null,"dmin":null,"rms":0.69,"gap":null,"magType":"ml","type":"earthquake","title":"M 2.3 - 44 km SSW of Ugashik, Alaska"},"geometry":{"type":"Point","coordinates":[-157.5699,57.1225,5.3]},"id":"ak025c33aokc"},
{"type":"Feature","properties":{"mag":1.6,"place":"44 km WNW of Central, Alaska","time":1758356785464,"updated":1758356938493,"tz":null,"url":"https://earthquake.usgs.gov/earthquakes/eventpage/ak025c339daq","detail":"https://earthquake.usgs.gov/earthquakes/feed/v1.0/detail/ak025c339daq.geojson","felt":null,"cdi":null,"mmi":null,"alert":null,"status":"automatic","tsunami":0,"sig":39,"net":"ak","code":"025c339daq","ids":",ak025c339daq,","sources":",ak,","types":",origin,phase-data,","nst":null,"dmin":null,"rms":0.87,"gap":null,"magType":"ml","type":"earthquake","title":"M 1.6 - 44 km WNW of Central, Alaska"},"geometry":{"type":"Point","coordinates":[-145.6962,65.7196,0]},"id":"ak025c339daq"},
{"type":"Feature","properties":{"mag":1.6,"place":"27 km NNE of Beluga, Alaska","time":1758356538278,"updated":1758356651318,"tz":null,"url":"https://earthquake.usgs.gov/earthquakes/eventpage/ak025c338hvn","detail":"https://earthquake.usgs.gov/earthquakes/feed/v1.0/detail/ak025c338hvn.geojson","felt":null,"cdi":null,"mmi":null,"alert":null,"status":"automatic","tsunami":0,"sig":39,"net":"ak","code":"025c338hvn","ids":",ak025c338hvn,","sources":",ak,","types":",origin,phase-data,","nst":null,"dmin":null,"rms":0.47,"gap":null,"magType":"ml","type":"earthquake","title":"M 1.6 - 27 km NNE of Beluga, Alaska"},"geometry":{"type":"Point","coordinates":[-150.9434,61.3768,53.8]},"id":"ak025c338hvn"},
{"type":"Feature","properties":{"mag":2.75,"place":"10 km S of Santa Isabel, Puerto Rico","time":1758356282140,"updated":1758357261390,"tz":null,"url":"https://earthquake.usgs.gov/earthquakes/eventpage/pr71496078","detail":"https://earthquake.usgs.gov/earthquakes/feed/v1.0/detail/pr71496078.geojson","felt":null,"cdi":null,"mmi":null,"alert":null,"status":"reviewed","tsunami":0,"sig":116,"net":"pr","code":"71496078","ids":",pr71496078,","sources":",pr,","types":",origin,phase-data,","nst":14,"dmin":0.1158,"rms":0.22,"gap":203,"magType":"md","type":"earthquake","title":"M 2.8 - 10 km S of Santa Isabel, Puerto Rico"},"geometry":{"type":"Point","coordinates":[-66.4058333333333,17.8733333333333,12.25]},"id":"pr71496078"},
{"type":"Feature","properties":{"mag":2.6,"place":"26 km SSW of Segundo, Colorado","time":1758354423291,"updated":1758355309040,"tz":null,"url":"https://earthquake.usgs.gov/earthquakes/eventpage/us7000qxj2","detail":"https://earthquake.usgs.gov/earthquakes/feed/v1.0/detail/us7000qxj2.geojson","felt":null,"cdi":null,"mmi":null,"alert":null,"status":"reviewed","tsunami":0,"sig":104,"net":"us","code":"7000qxj2","ids":",us7000qxj2,","sources":",us,","types":",origin,phase-data,","nst":12,"dmin":0.093,"rms":0.38,"gap":83,"magType":"ml","type":"earthquake","title":"M 2.6 - 26 km SSW of Segundo, Colorado"},"geometry":{"type":"Point","coordinates":[-104.82,36.8886,5.126]},"id":"us7000qxj2"},
{"type":"Feature","properties":{"mag":4.7,"place":"86 km W of Murghob, Tajikistan","time":1758354404075,"updated":1758356958040,"tz":null,"url":"https://earthquake.usgs.gov/earthquakes/eventpage/us7000qxj6","detail":"https://earthquake.usgs.gov/earthquakes/feed/v1.0/detail/us7000qxj6.geojson","felt":null,"cdi":null,"mmi":null,"alert":null,"status":"reviewed","tsunami":0,"sig":340,"net":"us","code":"7000qxj6","ids":",us7000qxj6,","sources":",us,","types":",origin,phase-data,","nst":15,"dmin":0.467,"rms":0.72,"gap":263,"magType":"mb","type":"earthquake","title":"M 4.7 - 86 km W of Murghob, Tajikistan"},"geometry":{"type":"Point","coordinates":[72.9856,38.0632,10]},"id":"us7000qxj6"},
{"type":"Feature","properties":{"mag":1.9,"place":"22 km WNW of Fishhook, Alaska","time":1758354305407,"updated":1758354396751,"tz":null,"url":"https://earthquake.usgs.gov/earthquakes/eventpage/ak025c32ryr0","detail":"https://earthquake.usgs.gov/earthquakes/feed/v1.0/detail/ak025c32ryr0.geojson","felt":null,"cdi":null,"mmi":null,"alert":null,"status":"automatic","tsunami":0,"sig":56,"net":"ak","code":"025c32ryr0","ids":",ak025c32ryr0,","sources":",ak,","types":",origin,phase-data,","nst":null,"dmin":null,"rms":0.28,"gap":null,"magType":"ml","type":"earthquake","title":"M 1.9 - 22 km WNW of Fishhook, Alaska"},"geometry":{"type":"Point","coordinates":[-149.6104,61.8415,39.4]},"id":"ak025c32ryr0"},
{"type":"Feature","properties":{"mag":1.1,"place":"12 km W of Stanton, Texas","time":1758353965933,"updated":1758355248200,"tz":null,"url":"https://earthquake.usgs.gov/earthquakes/eventpage/tx2025snnmna","detail":"https://earthquake.usgs.gov/earthquakes/feed/v1.0/detail/tx2025snnmna.geojson","felt":null,"cdi":null,"mmi":null,"alert":null,"status":"automatic","tsunami":0,"sig":19,"net":"tx","code":"2025snnmna","ids":",tx2025snnmna,","sources":",tx,","types":",origin,phase-data,","nst":26,"dmin":0.1,"rms":0.6,"gap":60,"magType":"ml","type":"earthquake","title":"M 1.1 - 12 km W of Stanton, Texas"},"geometry":{"type":"Point","coordinates":[-101.92,32.109,4.1028]},"id":"tx2025snnmna"},
{"type":"Feature","properties":{"mag":4.9,"place":"178 km E of Petropavlovsk-Kamchatsky, Russia","time":1758353950033,"updated":1758355065040,"tz":null,"url":"https://earthquake.usgs.gov/earthquakes/eventpage/us7000qxj1","detail":"https://earthquake.usgs.gov/earthquakes/feed/v1.0/detail/us7000qxj1.geojson","felt":null,"cdi":null,"mmi":null,"alert":null,"status":"reviewed","tsunami":0,"sig":369,"net":"us","code":"7000qxj1","ids":",us7000qxj1,","sources":",us,","types":",origin,phase-data,","nst":60,"dmin":1.594,"rms":0.56,"gap":172,"magType":"mb","type":"earthquake","title":"M 4.9 - 178 km E of Petropavlovsk-Kamchatsky, Russia"},"geometry":{"type":"Point","coordinates":[161.277,53.2099,29.23]},"id":"us7000qxj1"},
{"type":"Feature","properties":{"mag":2.63,"place":"10 km S of Santa Isabel, Puerto Rico","time":1758353912860,"updated":1758354733000,"tz":null,"url":"https://earthquake.usgs.gov/earthquakes/eventpage/pr71496073","detail":"https://earthquake.usgs.gov/earthquakes/feed/v1.0/detail/pr71496073.geojson","felt":null,"cdi":null,"mmi":null,"alert":null,"status":"reviewed","tsunami":0,"sig":106,"net":"pr","code":"71496073","ids":",pr71496073,","sources":",pr,","types":",origin,phase-data,","nst":12,"dmin":0.1214,"rms":0.45,"gap":203,"magType":"md","type":"earthquake","title":"M 2.6 - 10 km S of Santa Isabel, Puerto Rico"},"geometry":{"type":"Point","coordinates":[-66.4,17.8726666666667,6.28]},"id":"pr71496073"},
{"type":"Feature","properties":{"mag":0.47,"place":"18 km ESE of Little Lake, CA","time":1758353643870,"updated":1758353862314,"tz":null,"url":"https://earthquake.usgs.gov/earthquakes/eventpage/ci40446602","detail":"https://earthquake.usgs.gov/earthquakes/feed/v1.0/detail/ci40446602.geojson","felt":null,"cdi":null,"mmi":null,"alert":null,"status":"automatic","tsunami":0,"sig":3,"net":"ci","code":"40446602","ids":",ci40446602,","sources":",ci,","types":",nearby-cities,origin,phase-data,scitech-link,","nst":17,"dmin":0.0851,"rms":0.13,"gap":77,"magType":"ml","type":"earthquake","title":"M 0.5 - 18 km ESE of Little Lake, CA"},"geometry":{"type":"Point","coordinates":[-117.7211667,35.885,3.94]},"id":"ci40446602"},
{"type":"Feature","properties":{"mag":5.1,"place":"South Sandwich Islands region","time":1758353295797,"updated":1758354213040,"tz":null,"url":"https://earthquake.usgs.gov/earthquakes/eventpage/us7000qxiw","detail":"https://earthquake.usgs.gov/earthquakes/feed/v1.0/detail/us7000qxiw.geojson","felt":null,"cdi":null,"mmi":null,"alert":null,"status":"reviewed","tsunami":0,"sig":400,"net":"us","code":"7000qxiw","ids":",us7000qxiw,","sources":",us,","types":",origin,phase-data,","nst":52,"dmin":16.55,"rms":0.7,"gap":83,"magType":"mb","type":"earthquake","title":"M 5.1 - South Sandwich Islands region"},"geometry":{"type":"Point","coordinates":[-25.1469,-57.9442,29.415]},"id":"us7000qxiw"},
{"type":"Feature","properties":{"mag":1.6,"place":"28 km N of Paxson, Alaska","time":1758353101943,"updated":1758353215743,"tz":null,"url":"https://earthquake.usgs.gov/earthquakes/eventpage/ak025c32no5u","detail":"https://earthquake.usgs.gov/earthquakes/feed/v1.0/detail/ak025c32no5u.geojson","felt":null,"cdi":null,"mmi":null,"alert":null,"status":"automatic","tsunami":0,"sig":39,"net":"ak","code":"025c32no5u","ids":",ak025c32no5u,","sources":",ak,","types":",origin,phase-data,","nst":null,"dmin":null,"rms":0.79,"gap":null,"magType":"ml","type":"earthquake","title":"M 1.6 - 28 km N of Paxson, Alaska"},"geometry":{"type":"Point","coordinates":[-145.5163,63.3439,0]},"id":"ak025c32no5u"},
{"type":"Feature","properties":{"mag":0.7,"place":"9 km WNW of Cobb, CA","time":1758351547310,"updated":1758353837974,"tz":null,"url":"https://earthquake.usgs.gov/earthquakes/eventpage/nc75239827","detail":"https://earthquake.usgs.gov/earthquakes/feed/v1.0/detail/nc75239827.geojson","felt":null,"cdi":null,"mmi":null,"alert":null,"status":"automatic","tsunami":0,"sig":8,"net":"nc","code":"75239827","ids":",nc75239827,","sources":",nc,","types":",nearby-cities,origin,phase-data,scitech-link,","nst":11,"dmin":0.00828,"rms":0.03,"gap":100,"magType":"md","type":"earthquake","title":"M 0.7 - 9 km WNW of Cobb, CA"},"geometry":{"type":"Point","coordinates":[-122.816497802734,38.848331451416,1.5]},"id":"nc75239827"},
{"type":"Feature","properties":{"mag":5,"place":"185 km E of Petropavlovsk-Kamchatsky, Russia","time":1758351367387,"updated":1758352530040,"tz":null,"url":"https://earthquake.usgs.gov/earthquakes/eventpage/us7000qxis","detail":"https://earthquake.usgs.gov/earthquakes/feed/v1.0/detail/us7000qxis.geojson","felt":null,"cdi":null,"mmi":null,"alert":null,"status":"reviewed","tsunami":0,"sig":385,"net":"us","code":"7000qxis","ids":",us7000qxis,","sources":",us,","types":",origin,phase-data,","nst":106,"dmin":1.657,"rms":0.47,"gap":114,"magType":"mb","type":"earthquake","title":"M 5.0 - 185 km E of Petropavlovsk-Kamchatsky, Russia"},"geometry":{"type":"Point","coordinates":[161.3886,52.9603,10]},"id":"us7000qxis"},
{"type":"Feature","properties":{"mag":4.9,"place":"39 km WSW of Ambon, Indonesia","time":1758351253372,"updated":1758354431924,"tz":null,"url":"https://earthquake.usgs.gov/earthquakes/eventpage/us7000qxir","detail":"https://earthquake.usgs.gov/earthquakes/feed/v1.0/detail/us7000qxir.geojson","felt":1,"cdi":3.8,"mmi":null,"alert":null,"status":"reviewed","tsunami":0,"sig":370,"net":"us","code":"7000qxir","ids":",us7000qxir,","sources":",us,","types":",dyfi,origin,phase-data,","nst":29,"dmin":4.481,"rms":0.72,"gap":69,"magType":"mb","type":"earthquake","title":"M 4.9 - 39 km WSW of Ambon, Indonesia"},"geometry":{"type":"Point","coordinates":[127.8489,-3.813,10]},"id":"us7000qxir"},
{"type":"Feature","properties":{"mag":4.8,"place":"66 km E of Yigo Village, Guam","time":1758350975087,"updated":1758353473487,"tz":null,"url":"https://earthquake.usgs.gov/earthquakes/eventpage/us7000qxiq","detail":"https://earthquake.usgs.gov/earthquakes/feed/v1.0/detail/us7000qxiq.geojson","felt":6,"cdi":3.1,"mmi":null,"alert":null,"status":"reviewed","tsunami":0,"sig":356,"net":"us","code":"7000qxiq","ids":",us7000qxiq,","sources":",us,","types":",dyfi,origin,phase-data,","nst":41,"dmin":0.611,"rms":0.61,"gap":87,"magType":"mb","type":"earthquake","title":"M 4.8 - 66 km E of Yigo Village, Guam"},"geometry":{"type":"Point","coordinates":[145.4957,13.6261,37.62]},"id":"us7000qxiq"},
{"type":"Feature","properties":{"mag":3.6,"place":"52 km NE of Valmy, Nevada","time":1758350837012,"updated":1758353572357,"tz":null,"url":"https://earthquake.usgs.gov/earthquakes/eventpage/nn00904700","detail":"https://earthquake.usgs.gov/earthquakes/feed/v1.0/detail/nn00904700.geojson","felt":null,"cdi":null,"mmi":3.377,"alert":null,"status":"reviewed","tsunami":0,"sig":199,"net":"nn","code":"00904700","ids":",us7000qxin,nn00904700,","sources":",us,nn,","types":",origin,phase-data,shakemap,","nst":14,"dmin":0.31,"rms":0.159,"gap":139.25,"magType":"ml","type":"earthquake","title":"M 3.6 - 52 km NE of Valmy, Nevada"},"geometry":{"type":"Point","coordinates":[-116.7456,41.1613,7.7]},"id":"nn00904700"},
{"type":"Feature","properties":{"mag":4.4,"place":"206 km ENE of Levuka, Fiji","time":1758350508290,"updated":1758351581040,"tz":null,"url":"https://earthquake.usgs.gov/earthquakes/eventpage/us7000qxip","detail":"https://earthquake.usgs.gov/earthquakes/feed/v1.0/detail/us7000qxip.geojson","felt":null,"cdi":null,"mmi":null,"alert":null,"status":"reviewed","tsunami":0,"sig":298,"net":"us","code":"7000qxip","ids":",us7000qxip,","sources":",us,","types":",origin,phase-data,","nst":39,"dmin":2.091,"rms":0.77,"gap":109,"magType":"mb","type":"earthquake","title":"M 4.4 - 206 km ENE of Levuka, Fiji"},"geometry":{"type":"Point","coordinates":[-178.791,-17.6153,553.81]},"id":"us7000qxip"},
{"type":"Feature","properties":{"mag":0.76,"place":"3 km S of Cobb, CA","time":1758350118520,"updated":1758352039829,"tz":null,"url":"https://earthquake.usgs.gov/earthquakes/eventpage/nc75239817","detail":"https://earthquake.usgs.gov/earthquakes/feed/v1.0/detail/nc75239817.geojson","felt":null,"cdi":null,"mmi":null,"alert":null,"status":"automatic","tsunami":0,"sig":9,"net":"nc","code":"75239817","ids":",nc75239817,","sources":",nc,","types":",nearby-cities,origin,phase-data,scitech-link,","nst":9,"dmin":0.01576,"rms":0.02,"gap":101,"magType":"md","type":"earthquake","title":"M 0.8 - 3 km S of Cobb, CA"},"geometry":{"type":"Point","coordinates":[-122.72216796875,38.7941665649414,2.48000001907349]},"id":"nc75239817"},
{"type":"Feature","properties":{"mag":0.78,"place":"3 km SSW of Cobb, CA","time":1758348822720,"updated":1758350540564,"tz":null,"url":"https://earthquake.usgs.gov/earthquakes/eventpage/nc75239812","detail":"https://earthquake.usgs.gov/earthquakes/feed/v1.0/detail/nc75239812.geojson","felt":null,"cdi":null,"mmi":null,"alert":null,"status":"automatic","tsunami":0,"sig":9,"net":"nc","code":"75239812","ids":",nc75239812,","sources":",nc,","types":",nearby-cities,origin,phase-data,scitech-link,","nst":8,"dmin":0.01524,"rms":0.01,"gap":102,"magType":"md","type":"earthquake","title":"M 0.8 - 3 km SSW of Cobb, CA"},"geometry":{"type":"Point","coordinates":[-122.723335266113,38.7943344116211,2.25999999046326]},"id":"nc75239812"},
{"type":"Feature","properties":{"mag":2.6,"place":"63 km ENE of Kodiak, Alaska","time":1758348463256,"updated":1758348611835,"tz":null,"url":"https://earthquake.usgs.gov/earthquakes/eventpage/ak025c31ygut","detail":"https://earthquake.usgs.gov/earthquakes/feed/v1.0/detail/ak025c31ygut.geojson","felt":null,"cdi":null,"mmi":null,"alert":null,"status":"automatic","tsunami":0,"sig":104,"net":"ak","code":"025c31ygut","ids":",ak025c31ygut,","sources":",ak,","types":",origin,phase-data,","nst":null,"dmin":null,"rms":0.36,"gap":null,"magType":"ml","type":"earthquake","title":"M 2.6 - 63 km ENE of Kodiak, Alaska"},"geometry":{"type":"Point","coordinates":[-151.4298,58.0322,41.7]},"id":"ak025c31ygut"},
{"type":"Feature","properties":{"mag":4.7,"place":"58 km SW of Atocha, Bolivia","time":1758347738101,"updated":1758348502040,"tz":null,"url":"https://earthquake.usgs.gov/earthquakes/eventpage/us7000qxil","detail":"https://earthquake.usgs.gov/earthquakes/feed/v1.0/detail/us7000qxil.geojson","felt":null,"cdi":null,"mmi":null,"alert":null,"status":"reviewed","tsunami":0,"sig":340,"net":"us","code":"7000qxil","ids":",us7000qxil,","sources":",us,","types":",origin,phase-data,","nst":32,"dmin":2.185,"rms":0.99,"gap":55,"magType":"mb","type":"earthquake","title":"M 4.7 - 58 km SW of Atocha, Bolivia"},"geometry":{"type":"Point","coordinates":[-66.6462,-21.2838,228.019]},"id":"us7000qxil"},
{"type":"Feature","properties":{"mag":1.29,"place":"4 km NNW of The Geysers, CA","time":1758346775480,"updated":1758355640197,"tz":null,"url":"https://earthquake.usgs.gov/earthquakes/eventpage/nc75239807","detail":"https://earthquake.usgs.gov/earthquakes/feed/v1.0/detail/nc75239807.geojson","felt":null,"cdi":null,"mmi":null,"alert":null,"status":"automatic","tsunami":0,"sig":26,"net":"nc","code":"75239807","ids":",nc75239807,","sources":",nc,","types":",nearby-cities,origin,phase-data,scitech-link,","nst":25,"dmin":0.00528,"rms":0.02,"gap":66,"magType":"md","type":"earthquake","title":"M 1.3 - 4 km NNW of The Geysers, CA"},"geometry":{"type":"Point","coordinates":[-122.779998779297,38.8079986572266,2.95000004768372]},"id":"nc75239807"},
{"type":"Feature","properties":{"mag":2.1,"place":"28 km N of Sutton-Alpine, Alaska","time":1758344950338,"updated":1758345052198,"tz":null,"url":"https://earthquake.usgs.gov/earthquakes/eventpage/ak025c31de55","detail":"https://earthquake.usgs.gov/earthquakes/feed/v1.0/detail/ak025c31de55.geojson","felt":null,"cdi":null,"mmi":null,"alert":null,"status":"automatic","tsunami":0,"sig":68,"net":"ak","code":"025c31de55","ids":",ak025c31de55,","sources":",ak,","types":",origin,phase-data,","nst":null,"dmin":null,"rms":0.54,"gap":null,"magType":"ml","type":"earthquake","title":"M 2.1 - 28 km N of Sutton-Alpine, Alaska"},"geometry":{"type":"Point","coordinates":[-148.7452,62.0306,17.7]},"id":"ak025c31de55"},
{"type":"Feature","properties":{"mag":0.88,"place":"7 km NNW of The Geysers, CA","time":1758344869940,"updated":1758348439419,"tz":null,"url":"https://earthquake.usgs.gov/earthquakes/eventpage/nc75239797","detail":"https://earthquake.usgs.gov/earthquakes/feed/v1.0/detail/nc75239797.geojson","felt":null,"cdi":null,"mmi":null,"alert":null,"status":"automatic","tsunami":0,"sig":12,"net":"nc","code":"75239797","ids":",nc75239797,","sources":",nc,","types":",nearby-cities,origin,phase-data,scitech-link,","nst":9,"dmin":0.003903,"rms":0.01,"gap":140,"magType":"md","type":"earthquake","title":"M 0.9 - 7 km NNW of The Geysers, CA"},"geometry":{"type":"Point","coordinates":[-122.806167602539,38.8258323669434,2.96000003814697]},"id":"nc75239797"},
{"type":"Feature","properties":{"mag":1,"place":"17 km NNW of Coahoma, Texas","time":1758344721774,"updated":1758348009874,"tz":null,"url":"https://earthquake.usgs.gov/earthquakes/eventpage/tx2025snijou","detail":"https://earthquake.usgs.gov/earthquakes/feed/v1.0/detail/tx2025snijou.geojson","felt":null,"cdi":null,"mmi":null,"alert":null,"status":"automatic","tsunami":0,"sig":15,"net":"tx","code":"2025snijou","ids":",tx2025snijou,","sources":",tx,","types":",origin,phase-data,","nst":8,"dmin":0,"rms":0.4,"gap":80,"magType":"ml","type":"earthquake","title":"M 1.0 - 17 km NNW of Coahoma, Texas"},"geometry":{"type":"Point","coordinates":[-101.364,32.445,3.848]},"id":"tx2025snijou"},
{"type":"Feature","properties":{"mag":1.57,"place":"2 km NW of The Geysers, CA","time":1758344582960,"updated":1758346641097,"tz":null,"url":"https://earthquake.usgs.gov/earthquakes/eventpage/nc75239792","detail":"https://earthquake.usgs.gov/earthquakes/feed/v1.0/detail/nc75239792.geojson","felt":null,"cdi":null,"mmi":null,"alert":null,"status":"automatic","tsunami":0,"sig":38,"net":"nc","code":"75239792","ids":",nc75239792,","sources":",nc,","types":",nearby-cities,origin,phase-data,scitech-link,","nst":26,"dmin":0.009305,"rms":0.04,"gap":79,"magType":"md","type":"earthquake","title":"M 1.6 - 2 km NW of The Geysers, CA"},"geometry":{"type":"Point","coordinates":[-122.776168823242,38.7916679382324,1.26999998092651]},"id":"nc75239792"},
{"type":"Feature","properties":{"mag":3.25,"place":"73 km W of Pole Ojea, Puerto Rico","time":1758344359920,"updated":1758345499960,"tz":null,"url":"https://earthquake.usgs.gov/earthquakes/eventpage/pr71496058","detail":"https://earthquake.usgs.gov/earthquakes/feed/v1.0/detail/pr71496058.geojson","felt":null,"cdi":null,"mmi":null,"alert":null,"status":"reviewed","tsunami":0,"sig":162,"net":"pr","code":"71496058","ids":",pr71496058,","sources":",pr,","types":",origin,phase-data,","nst":12,"dmin":0.7163,"rms":0.57,"gap":210,"magType":"md","type":"earthquake","title":"M 3.3 - 73 km W of Pole Ojea, Puerto Rico"},"geometry":{"type":"Point","coordinates":[-67.8783333333333,17.9778333333333,45.52]},"id":"pr71496058"},
{"type":"Feature","properties":{"mag":4.9,"place":"122 km SE of Miyakojima, Japan","time":1758343594067,"updated":1758344676040,"tz":null,"url":"https://earthquake.usgs.gov/earthquakes/eventpage/us7000qxif","detail":"https://earthquake.usgs.gov/earthquakes/feed/v1.0/detail/us7000qxif.geojson","felt":null,"cdi":null,"mmi":null,"alert":null,"status":"reviewed","tsunami":0,"sig":369,"net":"us","code":"7000qxif","ids":",us7000qxif,","sources":",us,","types":",origin,phase-data,","nst":43,"dmin":1.849,"rms":1.04,"gap":144,"magType":"mb","type":"earthquake","title":"M 4.9 - 122 km SE of Miyakojima, Japan"},"geometry":{"type":"Point","coordinates":[126.2332,24.0787,10]},"id":"us7000qxif"},
{"type":"Feature","properties":{"mag":2.8,"place":"9 km S of Santa Isabel, Puerto Rico","time":1758342914870,"updated":1758343948660,"tz":null,"url":"https://earthquake.usgs.gov/earthquakes/eventpage/pr71496048","detail":"https://earthquake.usgs.gov/earthquakes/feed/v1.0/detail/pr71496048.geojson","felt":null,"cdi":null,"mmi":null,"alert":null,"status":"reviewed","tsunami":0,"sig":121,"net":"pr","code":"71496048","ids":",pr71496048,","sources":",pr,","types":",origin,phase-data,","nst":18,"dmin":0.1144,"rms":0.17,"gap":202,"magType":"md","type":"earthquake","title":"M 2.8 - 9 km S of Santa Isabel, Puerto Rico"},"geometry":{"type":"Point","coordinates":[-66.407,17.876,11.42]},"id":"pr71496048"},
{"type":"Feature","properties":{"mag":0.76,"place":"4 km N of Lake Henshaw, CA","time":1758342539010,"updated":1758342774663,"tz":null,"url":"https://earthquake.usgs.gov/earthquakes/eventpage/ci40446570","detail":"https://earthquake.usgs.gov/earthquakes/feed/v1.0/detail/ci40446570.geojson","felt":null,"cdi":null,"mmi":null,"alert":null,"status":"automatic","tsunami":0,"sig":9,"net":"ci","code":"40446570","ids":",ci40446570,","sources":",ci,","types":",nearby-cities,origin,phase-data,scitech-link,","nst":44,"dmin":0.03793,"rms":0.17,"gap":23,"magType":"ml","type":"earthquake","title":"M 0.8 - 4 km N of Lake Henshaw, CA"},"geometry":{"type":"Point","coordinates":[-116.7578333,33.274,5.53]},"id":"ci40446570"},
{"type":"Feature","properties":{"mag":1.6,"place":"27 km SE of Susitna North, Alaska","time":1758342490583,"updated":1758342631683,"tz":null,"url":"https://earthquake.usgs.gov/earthquakes/eventpage/ak025c30w15u","detail":"https://earthquake.usgs.gov/earthquakes/feed/v1.0/detail/ak025c30w15u.geojson","felt":null,"cdi":null,"mmi":null,"alert":null,"status":"automatic","tsunami":0,"sig":39,"net":"ak","code":"025c30w15u","ids":",ak025c30w15u,","sources":",ak,","types":",origin,phase-data,","nst":null,"dmin":null,"rms":0.79,"gap":null,"magType":"ml","type":"earthquake","title":"M 1.6 - 27 km SE of Susitna North, Alaska"},"geometry":{"type":"Point","coordinates":[-149.5022,61.9762,31.4]},"id":"ak025c30w15u"},
{"type":"Feature","properties":{"mag":4.8,"place":"191 km E of Petropavlovsk-Kamchatsky, Russia","time":1758341560047,"updated":1758342702040,"tz":null,"url":"https://earthquake.usgs.gov/earthquakes/eventpage/us7000qxid","detail":"https://earthquake.usgs.gov/earthquakes/feed/v1.0/detail/us7000qxid.geojson","felt":null,"cdi":null,"mmi":null,"alert":null,"status":"reviewed","tsunami":0,"sig":354,"net":"us","code":"7000qxid","ids":",us7000qxid,","sources":",us,","types":",origin,phase-data,","nst":46,"dmin":1.719,"rms":0.65,"gap":162,"magType":"mb","type":"earthquake","title":"M 4.8 - 191 km E of Petropavlovsk-Kamchatsky, Russia"},"geometry":{"type":"Point","coordinates":[161.4784,53.2515,10]},"id":"us7000qxid"},
{"type":"Feature","properties":{"mag":1.1,"place":"9 km ENE of Yorba Linda, CA","time":1758341190230,"updated":1758341407956,"tz":null,"url":"https://earthquake.usgs.gov/earthquakes/eventpage/ci40446562","detail":"https://earthquake.usgs.gov/earthquakes/feed/v1.0/detail/ci40446562.geojson","felt":null,"cdi":null,"mmi":null,"alert":null,"status":"automatic","tsunami":0,"sig":19,"net":"ci","code":"40446562","ids":",ci40446562,","sources":",ci,","types":",nearby-cities,origin,phase-data,scitech-link,","nst":16,"dmin":0.02603,"rms":0.14,"gap":172,"magType":"ml","type":"earthquake","title":"M 1.1 - 9 km ENE of Yorba Linda, CA"},"geometry":{"type":"Point","coordinates":[-117.7148333,33.9083333,11.8]},"id":"ci40446562"},
{"type":"Feature","properties":{"mag":0.8,"place":"8 km N of Thousand Palms, CA","time":1758339852800,"updated":1758340078269,"tz":null,"url":"https://earthquake.usgs.gov/earthquakes/eventpage/ci40446554","detail":"https://earthquake.usgs.gov/earthquakes/feed/v1.0/detail/ci40446554.geojson","felt":null,"cdi":null,"mmi":null,"alert":null,"status":"automatic","tsunami":0,"sig":10,"net":"ci","code":"40446554","ids":",ci40446554,","sources":",ci,","types":",nearby-cities,origin,phase-data,scitech-link,","nst":32,"dmin":0.05309,"rms":0.2,"gap":76,"magType":"ml","type":"earthquake","title":"M 0.8 - 8 km N of Thousand Palms, CA"},"geometry":{"type":"Point","coordinates":[-116.403,33.8876667,3.01]},"id":"ci40446554"},
{"type":"Feature","properties":{"mag":0.71,"place":"8 km NW of Anza, CA","time":1758339677440,"updated":1758339926508,"tz":null,"url":"https://earthquake.usgs.gov/earthquakes/eventpage/ci40446546","detail":"https://earthquake.usgs.gov/earthquakes/feed/v1.0/detail/ci40446546.geojson","felt":null,"cdi":null,"mmi":null,"alert":null,"status":"automatic","tsunami":0,"sig":8,"net":"ci","code":"40446546","ids":",ci40446546,","sources":",ci,","types":",nearby-cities,origin,phase-data,scitech-link,","nst":25,"dmin":0.03242,"rms":0.1,"gap":66,"magType":"ml","type":"earthquake","title":"M 0.7 - 8 km NW of Anza, CA"},"geometry":{"type":"Point","coordinates":[-116.7398333,33.5978333,12.22]},"id":"ci40446546"},
{"type":"Feature","properties":{"mag":1.06,"place":"2 km NNE of The Geysers, CA","time":1758339675480,"updated":1758343638737,"tz":null,"url":"https://earthquake.usgs.gov/earthquakes/eventpage/nc75239787","detail":"https://earthquake.usgs.gov/earthquakes/feed/v1.0/detail/nc75239787.geojson","felt":null,"cdi":null,"mmi":null,"alert":null,"status":"automatic","tsunami":0,"sig":17,"net":"nc","code":"75239787","ids":",nc75239787,","sources":",nc,","types":",nearby-cities,origin,phase-data,scitech-link,","nst":11,"dmin":0.008776,"rms":0.01,"gap":89,"magType":"md","type":"earthquake","title":"M 1.1 - 2 km NNE of The Geysers, CA"},"geometry":{"type":"Point","coordinates":[-122.752334594727,38.7939987182617,1.37000000476837]},"id":"nc75239787"},
{"type":"Feature","properties":{"mag":3.83,"place":"101 km NNE of Cruz Bay, U.S. Virgin Islands","time":1758339424080,"updated":1758340870274,"tz":null,"url":"https://earthquake.usgs.gov/earthquakes/eventpage/pr2025263000","detail":"https://earthquake.usgs.gov/earthquakes/feed/v1.0/detail/pr2025263000.geojson","felt":null,"cdi":null,"mmi":null,"alert":null,"status":"reviewed","tsunami":0,"sig":226,"net":"pr","code":"2025263000","ids":",us7000qxia,pr2025263000,","sources":",us,pr,","types":",origin,phase-data,","nst":15,"dmin":0.7118,"rms":0.4,"gap":284,"magType":"md","type":"earthquake","title":"M 3.8 - 101 km NNE of Cruz Bay, U.S. Virgin Islands"},"geometry":{"type":"Point","coordinates":[-64.4843,19.1976,48]},"id":"pr2025263000"},
{"type":"Feature","properties":{"mag":1.3,"place":"4 km SE of Cloverdale, CA","time":1758338969390,"updated":1758342139560,"tz":null,"url":"https://earthquake.usgs.gov/earthquakes/eventpage/nc75239782","detail":"https://earthquake.usgs.gov/earthquakes/feed/v1.0/detail/nc75239782.geojson","felt":null,"cdi":null,"mmi":null,"alert":null,"status":"automatic","tsunami":0,"sig":26,"net":"nc","code":"75239782","ids":",nc75239782,","sources":",nc,","types":",nearby-cities,origin,phase-data,scitech-link,","nst":10,"dmin":0.03718,"rms":0.03,"gap":74,"magType":"md","type":"earthquake","title":"M 1.3 - 4 km SE of Cloverdale, CA"},"geometry":{"type":"Point","coordinates":[-122.974670410156,38.7891654968262,1.82000005245209]},"id":"nc75239782"},
{"type":"Feature","properties":{"mag":1.29,"place":"2 km WSW of Brawley, CA","time":1758338274710,"updated":1758338488692,"tz":null,"url":"https://earthquake.usgs.gov/earthquakes/eventpage/ci40446538","detail":"https://earthquake.usgs.gov/earthquakes/feed/v1.0/detail/ci40446538.geojson","felt":null,"cdi":null,"mmi":null,"alert":null,"status":"automatic","tsunami":0,"sig":26,"net":"ci","code":"40446538","ids":",ci40446538,","sources":",ci,","types":",nearby-cities,origin,phase-data,scitech-link,","nst":36,"dmin":0.07147,"rms":0.27,"gap":39,"magType":"ml","type":"earthquake","title":"M 1.3 - 2 km WSW of Brawley, CA"},"geometry":{"type":"Point","coordinates":[-115.551,32.9726667,9.81]},"id":"ci40446538"},
{"type":"Feature","properties":{"mag":1.4,"place":"8 km ESE of Point MacKenzie, Alaska","time":1758337744228,"updated":1758337869723,"tz":null,"url":"https://earthquake.usgs.gov/earthquakes/eventpage/ak025c306igm","detail":"https://earthquake.usgs.gov/earthquakes/feed/v1.0/detail/ak025c306igm.geojson","felt":null,"cdi":null,"mmi":null,"alert":null,"status":"automatic","tsunami":0,"sig":30,"net":"ak","code":"025c306igm","ids":",ak025c306igm,","sources":",ak,","types":",origin,phase-data,","nst":null,"dmin":null,"rms":0.61,"gap":null,"magType":"ml","type":"earthquake","title":"M 1.4 - 8 km ESE of Point MacKenzie, Alaska"},"geometry":{"type":"Point","coordinates":[-149.8176,61.3419,30.8]},"id":"ak025c306igm"},
{"type":"Feature","properties":{"mag":5.3,"place":"74 km E of Petropavlovsk-Kamchatsky, Russia","time":1758336469764,"updated":1758338168803,"tz":null,"url":"https://earthquake.usgs.gov/earthquakes/eventpage/us7000qxi6","detail":"https://earthquake.usgs.gov/earthquakes/feed/v1.0/detail/us7000qxi6.geojson","felt":1,"cdi":2,"mmi":null,"alert":null,"status":"reviewed","tsunami":0,"sig":432,"net":"us","code":"7000qxi6","ids":",us7000qxi6,","sources":",us,","types":",dyfi,origin,phase-data,","nst":91,"dmin":0.661,"rms":0.68,"gap":121,"magType":"mb","type":"earthquake","title":"M 5.3 - 74 km E of Petropavlovsk-Kamchatsky, Russia"},"geometry":{"type":"Point","coordinates":[159.7444,53.051,66.218]},"id":"us7000qxi6"},
{"type":"Feature","properties":{"mag":1.08,"place":"5 km NNW of The Geysers, CA","time":1758336133670,"updated":1758337643052,"tz":null,"url":"https://earthquake.usgs.gov/earthquakes/eventpage/nc75239772","detail":"https://earthquake.usgs.gov/earthquakes/feed/v1.0/detail/nc75239772.geojson","felt":null,"cdi":null,"mmi":null,"alert":null,"status":"automatic","tsunami":0,"sig":18,"net":"nc","code":"75239772","ids":",nc75239772,","sources":",nc,","types":",nearby-cities,origin,phase-data,scitech-link,","nst":14,"dmin":0.003404,"rms":0.02,"gap":110,"magType":"md","type":"earthquake","title":"M 1.1 - 5 km NNW of The Geysers, CA"},"geometry":{"type":"Point","coordinates":[-122.780830383301,38.8166656494141,1.55999994277954]},"id":"nc75239772"},
{"type":"Feature","properties":{"mag":0.71,"place":"4 km WSW of Hemet, CA","time":1758336103690,"updated":1758336312229,"tz":null,"url":"https://earthquake.usgs.gov/earthquakes/eventpage/ci40446530","detail":"https://earthquake.usgs.gov/earthquakes/feed/v1.0/detail/ci40446530.geojson","felt":null,"cdi":null,"mmi":null,"alert":null,"status":"automatic","tsunami":0,"sig":8,"net":"ci","code":"40446530","ids":",ci40446530,","sources":",ci,","types":",nearby-cities,origin,phase-data,scitech-link,","nst":10,"dmin":0.08754,"rms":0.25,"gap":149,"magType":"ml","type":"earthquake","title":"M 0.7 - 4 km WSW of Hemet, CA"},"geometry":{"type":"Point","coordinates":[-117.0095,33.7378333,18.77]},"id":"ci40446530"},
{"type":"Feature","properties":{"mag":4.8,"place":"227 km SE of Sarangani, Philippines","time":1758335988869,"updated":1758337992040,"tz":null,"url":"https://earthquake.usgs.gov/earthquakes/eventpage/us7000qxi5","detail":"https://earthquake.usgs.gov/earthquakes/feed/v1.0/detail/us7000qxi5.geojson","felt":null,"cdi":null,"mmi":null,"alert":null,"status":"reviewed","tsunami":0,"sig":354,"net":"us","code":"7000qxi5","ids":",us7000qxi5,","sources":",us,","types":",origin,phase-data,","nst":34,"dmin":1.588,"rms":0.84,"gap":71,"magType":"mb","type":"earthquake","title":"M 4.8 - 227 km SE of Sarangani, Philippines"},"geometry":{"type":"Point","coordinates":[126.804,3.846,41.012]},"id":"us7000qxi5"},
{"type":"Feature","properties":{"mag":0.87,"place":"2 km NNE of The Geysers, CA","time":1758335863270,"updated":1758337039981,"tz":null,"url":"https://earthquake.usgs.gov/earthquakes/eventpage/nc75239767","detail":"https://earthquake.usgs.gov/earthquakes/feed/v1.0/detail/nc75239767.geojson","felt":null,"cdi":null,"mmi":null,"alert":null,"status":"automatic","tsunami":0,"sig":12,"net":"nc","code":"75239767","ids":",nc75239767,","sources":",nc,","types":",nearby-cities,origin,phase-data,scitech-link,","nst":11,"dmin":0.00918,"rms":0.02,"gap":86,"magType":"md","type":"earthquake","title":"M 0.9 - 2 km NNE of The Geysers, CA"},"geometry":{"type":"Point","coordinates":[-122.753829956055,38.792667388916,0.649999976158142]},"id":"nc75239767"},
{"type":"Feature","properties":{"mag":1.4,"place":"58 km S of Whites City, New Mexico","time":1758335780781,"updated":1758337269232,"tz":null,"url":"https://earthquake.usgs.gov/earthquakes/eventpage/tx2025sndlio","detail":"https://earthquake.usgs.gov/earthquakes/feed/v1.0/detail/tx2025sndlio.geojson","felt":null,"cdi":null,"mmi":null,"alert":null,"status":"automatic","tsunami":0,"sig":30,"net":"tx","code":"2025sndlio","ids":",tx2025sndlio,","sources":",tx,","types":",origin,phase-data,","nst":17,"dmin":0,"rms":0.2,"gap":107,"magType":"ml","type":"earthquake","title":"M 1.4 - 58 km S of Whites City, New Mexico"},"geometry":{"type":"Point","coordinates":[-104.487,31.657,4.0758]},"id":"tx2025sndlio"},
{"type":"Feature","properties":{"mag":1.16,"place":"14 km WSW of Johannesburg, CA","time":1758335577310,"updated":1758335798467,"tz":null,"url":"https://earthquake.usgs.gov/earthquakes/eventpage/ci40446522","detail":"https://earthquake.usgs.gov/earthquakes/feed/v1.0/detail/ci40446522.geojson","felt":null,"cdi":null,"mmi":null,"alert":null,"status":"automatic","tsunami":0,"sig":21,"net":"ci","code":"40446522","ids":",ci40446522,","sources":",ci,","types":",nearby-cities,origin,phase-data,scitech-link,","nst":41,"dmin":0.08986,"rms":0.15,"gap":50,"magType":"ml","type":"earthquake","title":"M 1.2 - 14 km WSW of Johannesburg, CA"},"geometry":{"type":"Point","coordinates":[-117.79,35.345,6.08]},"id":"ci40446522"},
{"type":"Feature","properties":{"mag":1.7,"place":"18 km WSW of Rotan, Texas","time":1758334804331,"updated":1758337243796,"tz":null,"url":"https://earthquake.usgs.gov/earthquakes/eventpage/tx2025sncxfv","detail":"https://earthquake.usgs.gov/earthquakes/feed/v1.0/detail/tx2025sncxfv.geojson","felt":1,"cdi":0,"mmi":null,"alert":null,"status":"automatic","tsunami":0,"sig":44,"net":"tx","code":"2025sncxfv","ids":",tx2025sncxfv,","sources":",tx,","types":",dyfi,origin,phase-data,","nst":16,"dmin":0.1,"rms":0.4,"gap":76,"magType":"ml","type":"earthquake","title":"M 1.7 - 18 km WSW of Rotan, Texas"},"geometry":{"type":"Point","coordinates":[-100.658,32.807,3.8613]},"id":"tx2025sncxfv"},
{"type":"Feature","properties":{"mag":1.74,"place":"1 km SSW of Pinnacles, CA","time":1758333886140,"updated":1758340640390,"tz":null,"url":"https://earthquake.usgs.gov/earthquakes/eventpage/nc75239762","detail":"https://earthquake.usgs.gov/earthquakes/feed/v1.0/detail/nc75239762.geojson","felt":null,"cdi":null,"mmi":null,"alert":null,"status":"automatic","tsunami":0,"sig":47,"net":"nc","code":"75239762","ids":",nc75239762,","sources":",nc,","types":",nearby-cities,origin,phase-data,scitech-link,","nst":9,"dmin":0.058,"rms":0.1,"gap":80,"magType":"md","type":"earthquake","title":"M 1.7 - 1 km SSW of Pinnacles, CA"},"geometry":{"type":"Point","coordinates":[-121.145164489746,36.5234985351562,1.35000002384186]},"id":"nc75239762"},
{"type":"Feature","properties":{"mag":1.7,"place":"7 km SSE of Big Lake, Alaska","time":1758333668296,"updated":1758333770270,"tz":null,"url":"https://earthquake.usgs.gov/earthquakes/eventpage/ak025c2zjdfx","detail":"https://earthquake.usgs.gov/earthquakes/feed/v1.0/detail/ak025c2zjdfx.geojson","felt":null,"cdi":null,"mmi":null,"alert":null,"status":"automatic","tsunami":0,"sig":44,"net":"ak","code":"025c2zjdfx","ids":",ak025c2zjdfx,","sources":",ak,","types":",origin,phase-data,","nst":null,"dmin":null,"rms":0.53,"gap":null,"magType":"ml","type":"earthquake","title":"M 1.7 - 7 km SSE of Big Lake, Alaska"},"geometry":{"type":"Point","coordinates":[-149.8878,61.4652,44.5]},"id":"ak025c2zjdfx"},
{"type":"Feature","properties":{"mag":1.51,"place":"2 km ESE of The Geysers, CA","time":1758332640320,"updated":1758339137223,"tz":null,"url":"https://earthquake.usgs.gov/earthquakes/eventpage/nc75239752","detail":"https://earthquake.usgs.gov/earthquakes/feed/v1.0/detail/nc75239752.geojson","felt":null,"cdi":null,"mmi":null,"alert":null,"status":"automatic","tsunami":0,"sig":35,"net":"nc","code":"75239752","ids":",nc75239752,","sources":",nc,","types":",nearby-cities,origin,phase-data,scitech-link,","nst":22,"dmin":0.01188,"rms":0.04,"gap":70,"magType":"md","type":"earthquake","title":"M 1.5 - 2 km ESE of The Geysers, CA"},"geometry":{"type":"Point","coordinates":[-122.727996826172,38.7734985351562,1.13999998569489]},"id":"nc75239752"},
{"type":"Feature","properties":{"mag":3.5,"place":"72 km WNW of Happy Valley, Alaska","time":1758332173381,"updated":1758332665040,"tz":null,"url":"https://earthquake.usgs.gov/earthquakes/eventpage/us7000qxhx","detail":"https://earthquake.usgs.gov/earthquakes/feed/v1.0/detail/us7000qxhx.geojson","felt":null,"cdi":null,"mmi":null,"alert":null,"status":"reviewed","tsunami":0,"sig":188,"net":"us","code":"7000qxhx","ids":",us7000qxhx,","sources":",us,","types":",origin,phase-data,","nst":37,"dmin":0.261,"rms":0.8,"gap":47,"magType":"ml","type":"earthquake","title":"M 3.5 - 72 km WNW of Happy Valley, Alaska"},"geometry":{"type":"Point","coordinates":[-152.9599,60.1764,128.366]},"id":"us7000qxhx"},
{"type":"Feature","properties":{"mag":5,"place":"261 km S of Severo-Kuril’sk, Russia","time":1758331717039,"updated":1758333975040,"tz":null,"url":"https://earthquake.usgs.gov/earthquakes/eventpage/us7000qxhz","detail":"https://earthquake.usgs.gov/earthquakes/feed/v1.0/detail/us7000qxhz.geojson","felt":null,"cdi":null,"mmi":null,"alert":null,"status":"reviewed","tsunami":0,"sig":385,"net":"us","code":"7000qxhz","ids":",us7000qxhz,","sources":",us,","types":",origin,phase-data,","nst":43,"dmin":8.785,"rms":0.7,"gap":95,"magType":"mb","type":"earthquake","title":"M 5.0 - 261 km S of Severo-Kuril’sk, Russia"},"geometry":{"type":"Point","coordinates":[155.6072,48.3526,10]},"id":"us7000qxhz"},
{"type":"Feature","properties":{"mag":2.8,"place":"58 km NE of Valmy, Nevada","time":1758331703645,"updated":1758332266040,"tz":null,"url":"https://earthquake.usgs.gov/earthquakes/eventpage/us7000qxhv","detail":"https://earthquake.usgs.gov/earthquakes/feed/v1.0/detail/us7000qxhv.geojson","felt":null,"cdi":null,"mmi":null,"alert":null,"status":"reviewed","tsunami":0,"sig":121,"net":"us","code":"7000qxhv","ids":",us7000qxhv,","sources":",us,","types":",origin,phase-data,","nst":26,"dmin":0.869,"rms":1.03,"gap":46,"magType":"ml","type":"earthquake","title":"M 2.8 - 58 km NE of Valmy, Nevada"},"geometry":{"type":"Point","coordinates":[-116.6898,41.2009,10]},"id":"us7000qxhv"},
{"type":"Feature","properties":{"mag":4.9,"place":"254 km S of Severo-Kuril’sk, Russia","time":1758331666272,"updated":1758334708040,"tz":null,"url":"https://earthquake.usgs.gov/earthquakes/eventpage/us7000qxhw","detail":"https://earthquake.usgs.gov/earthquakes/feed/v1.0/detail/us7000qxhw.geojson","felt":null,"cdi":null,"mmi":null,"alert":null,"status":"reviewed","tsunami":0,"sig":369,"net":"us","code":"7000qxhw","ids":",us7000qxhw,","sources":",us,","types":",origin,phase-data,","nst":69,"dmin":4.889,"rms":0.96,"gap":106,"magType":"mb","type":"earthquake","title":"M 4.9 - 254 km S of Severo-Kuril’sk, Russia"},"geometry":{"type":"Point","coordinates":[155.5498,48.4184,10]},"id":"us7000qxhw"},
{"type":"Feature","properties":{"mag":1.08,"place":"7 km NNW of The Geysers, CA","time":1758330233680,"updated":1758331338283,"tz":null,"url":"https://earthquake.usgs.gov/earthquakes/eventpage/nc75239737","detail":"https://earthquake.usgs.gov/earthquakes/feed/v1.0/detail/nc75239737.geojson","felt":null,"cdi":null,"mmi":null,"alert":null,"status":"automatic","tsunami":0,"sig":18,"net":"nc","code":"75239737","ids":",nc75239737,","sources":",nc,","types":",nearby-cities,origin,phase-data,scitech-link,","nst":15,"dmin":0.005222,"rms":0.01,"gap":82,"magType":"md","type":"earthquake","title":"M 1.1 - 7 km NNW of The Geysers, CA"},"geometry":{"type":"Point","coordinates":[-122.803497314453,38.824333190918,2.61999988555908]},"id":"nc75239737"},
{"type":"Feature","properties":{"mag":1.4,"place":"41 km NW of Tatitlek, Alaska","time":1758328667478,"updated":1758328779045,"tz":null,"url":"https://earthquake.usgs.gov/earthquakes/eventpage/ak025c2ykb17","detail":"https://earthquake.usgs.gov/earthquakes/feed/v1.0/detail/ak025c2ykb17.geojson","felt":null,"cdi":null,"mmi":null,"alert":null,"status":"automatic","tsunami":0,"sig":30,"net":"ak","code":"025c2ykb17","ids":",ak025c2ykb17,","sources":",ak,","types":",origin,phase-data,","nst":null,"dmin":null,"rms":0.39,"gap":null,"magType":"ml","type":"earthquake","title":"M 1.4 - 41 km NW of Tatitlek, Alaska"},"geometry":{"type":"Point","coordinates":[-147.1508,61.1636,10.4]},"id":"ak025c2ykb17"},
{"type":"Feature","properties":{"mag":0.9,"place":"67 km WNW of Ninilchik, Alaska","time":1758327633462,"updated":1758327728844,"tz":null,"url":"https://earthquake.usgs.gov/earthquakes/eventpage/ak025c2ygms2","detail":"https://earthquake.usgs.gov/earthquakes/feed/v1.0/detail/ak025c2ygms2.geojson","felt":null,"cdi":null,"mmi":null,"alert":null,"status":"automatic","tsunami":0,"sig":12,"net":"ak","code":"025c2ygms2","ids":",ak025c2ygms2,","sources":",ak,","types":",origin,phase-data,","nst":null,"dmin":null,"rms":0.98,"gap":null,"magType":"ml","type":"earthquake","title":"M 0.9 - 67 km WNW of Ninilchik, Alaska"},"geometry":{"type":"Point","coordinates":[-152.7899,60.2783,8.6]},"id":"ak025c2ygms2"},
{"type":"Feature","properties":{"mag":2.85,"place":"22 km SSE of Somes Bar, CA","time":1758327231290,"updated":1758337642052,"tz":null,"url":"https://earthquake.usgs.gov/earthquakes/eventpage/nc75239722","detail":"https://earthquake.usgs.gov/earthquakes/feed/v1.0/detail/nc75239722.geojson","felt":null,"cdi":null,"mmi":null,"alert":null,"status":"automatic","tsunami":0,"sig":125,"net":"nc","code":"75239722","ids":",nc75239722,","sources":",nc,","types":",focal-mechanism,nearby-cities,origin,phase-data,scitech-link,","nst":35,"dmin":0.2348,"rms":0.24,"gap":60,"magType":"ml","type":"earthquake","title":"M 2.9 - 22 km SSE of Somes Bar, CA"},"geometry":{"type":"Point","coordinates":[-123.348335266113,41.2065010070801,32.939998626709]},"id":"nc75239722"},
{"type":"Feature","properties":{"mag":0.79,"place":"9 km SE of Winchester, CA","time":1758326865740,"updated":1758327067594,"tz":null,"url":"https://earthquake.usgs.gov/earthquakes/eventpage/ci40446514","detail":"https://earthquake.usgs.gov/earthquakes/feed/v1.0/detail/ci40446514.geojson","felt":null,"cdi":null,"mmi":null,"alert":null,"status":"automatic","tsunami":0,"sig":10,"net":"ci","code":"40446514","ids":",ci40446514,","sources":",ci,","types":",nearby-cities,origin,phase-data,scitech-link,","nst":24,"dmin":0.0008817,"rms":0.14,"gap":51,"magType":"ml","type":"earthquake","title":"M 0.8 - 9 km SE of Winchester, CA"},"geometry":{"type":"Point","coordinates":[-117.0103333,33.6495,12.82]},"id":"ci40446514"},
{"type":"Feature","properties":{"mag":0.89,"place":"8 km N of Big Bear City, CA","time":1758326542070,"updated":1758326763989,"tz":null,"url":"https://earthquake.usgs.gov/earthquakes/eventpage/ci40446506","detail":"https://earthquake.usgs.gov/earthquakes/feed/v1.0/detail/ci40446506.geojson","felt":null,"cdi":null,"mmi":null,"alert":null,"status":"automatic","tsunami":0,"sig":12,"net":"ci","code":"40446506","ids":",ci40446506,","sources":",ci,","types":",nearby-cities,origin,phase-data,scitech-link,","nst":32,"dmin":0.02437,"rms":0.17,"gap":51,"magType":"ml","type":"earthquake","title":"M 0.9 - 8 km N of Big Bear City, CA"},"geometry":{"type":"Point","coordinates":[-116.8493333,34.3316667,2.36]},"id":"ci40446506"},
{"type":"Feature","properties":{"mag":4.6,"place":"119 km NE of Petropavlovsk-Kamchatsky, Russia","time":1758326460395,"updated":1758337306040,"tz":null,"url":"https://earthquake.usgs.gov/earthquakes/eventpage/us7000qxhn","detail":"https://earthquake.usgs.gov/earthquakes/feed/v1.0/detail/us7000qxhn.geojson","felt":null,"cdi":null,"mmi":null,"alert":null,"status":"reviewed","tsunami":0,"sig":326,"net":"us","code":"7000qxhn","ids":",us7000qxhn,","sources":",us,","types":",origin,phase-data,","nst":38,"dmin":1.092,"rms":0.51,"gap":168,"magType":"mb","type":"earthquake","title":"M 4.6 - 119 km NE of Petropavlovsk-Kamchatsky, Russia"},"geometry":{"type":"Point","coordinates":[159.939,53.7943,87.127]},"id":"us7000qxhn"},
{"type":"Feature","properties":{"mag":1.8,"place":"50 km NNE of Chase, Alaska","time":1758325987399,"updated":1758326119094,"tz":null,"url":"https://earthquake.usgs.gov/earthquakes/eventpage/ak025c1ot9tf","detail":"https://earthquake.usgs.gov/earthquakes/feed/v1.0/detail/ak025c1ot9tf.geojson","felt":null,"cdi":null,"mmi":null,"alert":null,"status":"automatic","tsunami":0,"sig":50,"net":"ak","code":"025c1ot9tf","ids":",ak025c1ot9tf,","sources":",ak,","types":",origin,phase-data,","nst":null,"dmin":null,"rms":0.67,"gap":null,"magType":"ml","type":"earthquake","title":"M 1.8 - 50 km NNE of Chase, Alaska"},"geometry":{"type":"Point","coordinates":[-149.7478,62.868,62.4]},"id":"ak025c1ot9tf"},
{"type":"Feature","properties":{"mag":1.72,"place":"21 km ESE of Ocotillo, CA","time":1758325694410,"updated":1758325912389,"tz":null,"url":"https://earthquake.usgs.gov/earthquakes/eventpage/ci40446498","detail":"https://earthquake.usgs.gov/earthquakes/feed/v1.0/detail/ci40446498.geojson","felt":null,"cdi":null,"mmi":null,"alert":null,"status":"automatic","tsunami":0,"sig":46,"net":"ci","code":"40446498","ids":",ci40446498,","sources":",ci,","types":",nearby-cities,origin,phase-data,scitech-link,","nst":44,"dmin":0.05488,"rms":0.28,"gap":68,"magType":"ml","type":"earthquake","title":"M 1.7 - 21 km ESE of Ocotillo, CA"},"geometry":{"type":"Point","coordinates":[-115.7901667,32.6601667,10.18]},"id":"ci40446498"},
{"type":"Feature","properties":{"mag":2.33,"place":"4 km WSW of Pāhala, Hawaii","time":1758325208240,"updated":1758325429270,"tz":null,"url":"https://earthquake.usgs.gov/earthquakes/eventpage/hv74779922","detail":"https://earthquake.usgs.gov/earthquakes/feed/v1.0/detail/hv74779922.geojson","felt":null,"cdi":null,"mmi":null,"alert":null,"status":"automatic","tsunami":0,"sig":84,"net":"hv","code":"74779922","ids":",hv74779922,","sources":",hv,","types":",origin,phase-data,","nst":53,"dmin":0.0551,"rms":0.129999995,"gap":94,"magType":"ml","type":"earthquake","title":"M 2.3 - 4 km WSW of Pāhala, Hawaii"},"geometry":{"type":"Point","coordinates":[-155.511505126953,19.1848335266113,32.3800010681152]},"id":"hv74779922"},
{"type":"Feature","properties":{"mag":0.44,"place":"20 km ESE of Little Lake, CA","time":1758324834000,"updated":1758325048090,"tz":null,"url":"https://earthquake.usgs.gov/earthquakes/eventpage/ci40446490","detail":"https://earthquake.usgs.gov/earthquakes/feed/v1.0/detail/ci40446490.geojson","felt":null,"cdi":null,"mmi":null,"alert":null,"status":"automatic","tsunami":0,"sig":3,"net":"ci","code":"40446490","ids":",ci40446490,","sources":",ci,","types":",nearby-cities,origin,phase-data,scitech-link,","nst":15,"dmin":0.07733,"rms":0.11,"gap":84,"magType":"ml","type":"earthquake","title":"M 0.4 - 20 km ESE of Little Lake, CA"},"geometry":{"type":"Point","coordinates":[-117.7008333,35.8821667,3.31]},"id":"ci40446490"},
{"type":"Feature","properties":{"mag":1.68,"place":"10 km NW of The Geysers, CA","time":1758324716220,"updated":1758334938725,"tz":null,"url":"https://earthquake.usgs.gov/earthquakes/eventpage/nc75239697","detail":"https://earthquake.usgs.gov/earthquakes/feed/v1.0/detail/nc75239697.geojson","felt":null,"cdi":null,"mmi":null,"alert":null,"status":"automatic","tsunami":0,"sig":43,"net":"nc","code":"75239697","ids":",nc75239697,","sources":",nc,","types":",focal-mechanism,nearby-cities,origin,phase-data,scitech-link,","nst":36,"dmin":0.002707,"rms":0.03,"gap":78,"magType":"md","type":"earthquake","title":"M 1.7 - 10 km NW of The Geysers, CA"},"geometry":{"type":"Point","coordinates":[-122.853500366211,38.8281669616699,2.65000009536743]},"id":"nc75239697"},
{"type":"Feature","properties":{"mag":1.43,"place":"10 km N of Borrego Springs, CA","time":1758323862060,"updated":1758324071970,"tz":null,"url":"https://earthquake.usgs.gov/earthquakes/eventpage/ci40446482","detail":"https://earthquake.usgs.gov/earthquakes/feed/v1.0/detail/ci40446482.geojson","felt":null,"cdi":null,"mmi":null,"alert":null,"status":"automatic","tsunami":0,"sig":31,"net":"ci","code":"40446482","ids":",ci40446482,","sources":",ci,","types":",nearby-cities,origin,phase-data,scitech-link,","nst":71,"dmin":0.02695,"rms":0.21,"gap":17,"magType":"ml","type":"earthquake","title":"M 1.4 - 10 km N of Borrego Springs, CA"},"geometry":{"type":"Point","coordinates":[-116.3831667,33.3501667,12.63]},"id":"ci40446482"},
{"type":"Feature","properties":{"mag":0.76,"place":"6 km W of Cobb, CA","time":1758323242890,"updated":1758323337185,"tz":null,"url":"https://earthquake.usgs.gov/earthquakes/eventpage/nc75239692","detail":"https://earthquake.usgs.gov/earthquakes/feed/v1.0/detail/nc75239692.geojson","felt":null,"cdi":null,"mmi":null,"alert":null,"status":"automatic","tsunami":0,"sig":9,"net":"nc","code":"75239692","ids":",nc75239692,","sources":",nc,","types":",nearby-cities,origin,phase-data,","nst":8,"dmin":0.00932,"rms":0.02,"gap":74,"magType":"md","type":"earthquake","title":"M 0.8 - 6 km W of Cobb, CA"},"geometry":{"type":"Point","coordinates":[-122.786666870117,38.8213348388672,1.46000003814697]},"id":"nc75239692"},
{"type":"Feature","properties":{"mag":1.09,"place":"6 km W of Cobb, CA","time":1758323189530,"updated":1758325939650,"tz":null,"url":"https://earthquake.usgs.gov/earthquakes/eventpage/nc75239687","detail":"https://earthquake.usgs.gov/earthquakes/feed/v1.0/detail/nc75239687.geojson","felt":null,"cdi":null,"mmi":null,"alert":null,"status":"automatic","tsunami":0,"sig":18,"net":"nc","code":"75239687","ids":",nc75239687,","sources":",nc,","types":",nearby-cities,origin,phase-data,scitech-link,","nst":12,"dmin":0.009312,"rms":0.01,"gap":63,"magType":"md","type":"earthquake","title":"M 1.1 - 6 km W of Cobb, CA"},"geometry":{"type":"Point","coordinates":[-122.787002563477,38.8211669921875,1.3400000333786]},"id":"nc75239687"},
{"type":"Feature","properties":{"mag":1.7,"place":"35 km NW of Beluga, Alaska","time":1758323183325,"updated":1758323268881,"tz":null,"url":"https://earthquake.usgs.gov/earthquakes/eventpage/ak025c1oj8e4","detail":"https://earthquake.usgs.gov/earthquakes/feed/v1.0/detail/ak025c1oj8e4.geojson","felt":null,"cdi":null,"mmi":null,"alert":null,"status":"automatic","tsunami":0,"sig":44,"net":"ak","code":"025c1oj8e4","ids":",ak025c1oj8e4,","sources":",ak,","types":",origin,phase-data,","nst":null,"dmin":null,"rms":0.75,"gap":null,"magType":"ml","type":"earthquake","title":"M 1.7 - 35 km NW of Beluga, Alaska"},"geometry":{"type":"Point","coordinates":[-151.6288,61.3207,77.8]},"id":"ak025c1oj8e4"},
{"type":"Feature","properties":{"mag":4.6,"place":"61 km SE of Dazuocun, China","time":1758322606079,"updated":1758337157409,"tz":null,"url":"https://earthquake.usgs.gov/earthquakes/eventpage/us7000qxha","detail":"https://earthquake.usgs.gov/earthquakes/feed/v1.0/detail/us7000qxha.geojson","felt":5,"cdi":3.1,"mmi":null,"alert":null,"status":"reviewed","tsunami":0,"sig":327,"net":"us","code":"7000qxha","ids":",us7000qxha,","sources":",us,","types":",dyfi,origin,phase-data,","nst":43,"dmin":1.618,"rms":1.13,"gap":78,"magType":"mb","type":"earthquake","title":"M 4.6 - 61 km SE of Dazuocun, China"},"geometry":{"type":"Point","coordinates":[119.3339,24.4447,10]},"id":"us7000qxha"},
{"type":"Feature","properties":{"mag":2.1,"place":"83 km SSE of Cantwell, Alaska","time":1758321890383,"updated":1758322000145,"tz":null,"url":"https://earthquake.usgs.gov/earthquakes/eventpage/ak025c1o602d","detail":"https://earthquake.usgs.gov/earthquakes/feed/v1.0/detail/ak025c1o602d.geojson","felt":null,"cdi":null,"mmi":null,"alert":null,"status":"automatic","tsunami":0,"sig":68,"net":"ak","code":"025c1o602d","ids":",ak025c1o602d,","sources":",ak,","types":",origin,phase-data,","nst":null,"dmin":null,"rms":0.66,"gap":null,"magType":"ml","type":"earthquake","title":"M 2.1 - 83 km SSE of Cantwell, Alaska"},"geometry":{"type":"Point","coordinates":[-148.3362,62.6992,43.7]},"id":"ak025c1o602d"},
{"type":"Feature","properties":{"mag":1.9000000000000001,"place":"5 km WSW of Yacolt, Washington","time":1758321232290,"updated":1758322623820,"tz":null,"url":"https://earthquake.usgs.gov/earthquakes/eventpage/uw62191661","detail":"https://earthquake.usgs.gov/earthquakes/feed/v1.0/detail/uw62191661.geojson","felt":null,"cdi":null,"mmi":null,"alert":null,"status":"reviewed","tsunami":0,"sig":56,"net":"uw","code":"62191661","ids":",uw62191661,","sources":",uw,","types":",origin,phase-data,","nst":33,"dmin":0.0652,"rms":0.4,"gap":59,"magType":"ml","type":"earthquake","title":"M 1.9 - 5 km WSW of Yacolt, Washington"},"geometry":{"type":"Point","coordinates":[-122.46633333333334,45.846,2.78]},"id":"uw62191661"},
{"type":"Feature","properties":{"mag":4.9,"place":"15 km ENE of Bahía de Caráquez, Ecuador","time":1758321186932,"updated":1758324087040,"tz":null,"url":"https://earthquake.usgs.gov/earthquakes/eventpage/us7000qxh4","detail":"https://earthquake.usgs.gov/earthquakes/feed/v1.0/detail/us7000qxh4.geojson","felt":null,"cdi":null,"mmi":null,"alert":null,"status":"reviewed","tsunami":0,"sig":369,"net":"us","code":"7000qxh4","ids":",us7000qxh4,","sources":",us,","types":",origin,phase-data,","nst":76,"dmin":1.742,"rms":0.84,"gap":99,"magType":"mb","type":"earthquake","title":"M 4.9 - 15 km ENE of Bahía de Caráquez, Ecuador"},"geometry":{"type":"Point","coordinates":[-80.3016,-0.525,34.456]},"id":"us7000qxh4"},
{"type":"Feature","properties":{"mag":2.44,"place":"13 km S of Santa Isabel, Puerto Rico","time":1758320978630,"updated":1758322281500,"tz":null,"url":"https://earthquake.usgs.gov/earthquakes/eventpage/pr71496018","detail":"https://earthquake.usgs.gov/earthquakes/feed/v1.0/detail/pr71496018.geojson","felt":null,"cdi":null,"mmi":null,"alert":null,"status":"reviewed","tsunami":0,"sig":92,"net":"pr","code":"71496018","ids":",pr71496018,","sources":",pr,","types":",origin,phase-data,","nst":11,"dmin":0.1178,"rms":0.1,"gap":220,"magType":"md","type":"earthquake","title":"M 2.4 - 13 km S of Santa Isabel, Puerto Rico"},"geometry":{"type":"Point","coordinates":[-66.412,17.842,14.14]},"id":"pr71496018"},
{"type":"Feature","properties":{"mag":0.78,"place":"6 km WNW of Cobb, CA","time":1758320677160,"updated":1758321738148,"tz":null,"url":"https://earthquake.usgs.gov/earthquakes/eventpage/nc75239677","detail":"https://earthquake.usgs.gov/earthquakes/feed/v1.0/detail/nc75239677.geojson","felt":null,"cdi":null,"mmi":null,"alert":null,"status":"automatic","tsunami":0,"sig":9,"net":"nc","code":"75239677","ids":",nc75239677,","sources":",nc,","types":",nearby-cities,origin,phase-data,scitech-link,","nst":9,"dmin":0.01296,"rms":0.02,"gap":127,"magType":"md","type":"earthquake","title":"M 0.8 - 6 km WNW of Cobb, CA"},"geometry":{"type":"Point","coordinates":[-122.795669555664,38.829833984375,1.54999995231628]},"id":"nc75239677"},
{"type":"Feature","properties":{"mag":0.74,"place":"261 km W of Adak, Alaska","time":1758320227660,"updated":1758321069120,"tz":null,"url":"https://earthquake.usgs.gov/earthquakes/eventpage/av93779848","detail":"https://earthquake.usgs.gov/earthquakes/feed/v1.0/detail/av93779848.geojson","felt":null,"cdi":null,"mmi":null,"alert":null,"status":"reviewed","tsunami":0,"sig":8,"net":"av","code":"93779848","ids":",av93779848,","sources":",av,","types":",origin,phase-data,","nst":5,"dmin":0.03701,"rms":0.19,"gap":109,"magType":"ml","type":"earthquake","title":"M 0.7 - 261 km W of Adak, Alaska"},"geometry":{"type":"Point","coordinates":[179.570666666667,51.941,-1.29]},"id":"av93779848"},
{"type":"Feature","properties":{"mag":1,"place":"8 km NNW of The Geysers, CA","time":1758319693730,"updated":1758320841038,"tz":null,"url":"https://earthquake.usgs.gov/earthquakes/eventpage/nc75239672","detail":"https://earthquake.usgs.gov/earthquakes/feed/v1.0/detail/nc75239672.geojson","felt":null,"cdi":null,"mmi":null,"alert":null,"status":"automatic","tsunami":0,"sig":15,"net":"nc","code":"75239672","ids":",nc75239672,","sources":",nc,","types":",nearby-cities,origin,phase-data,scitech-link,","nst":17,"dmin":0.01082,"rms":0.02,"gap":88,"magType":"md","type":"earthquake","title":"M 1.0 - 8 km NNW of The Geysers, CA"},"geometry":{"type":"Point","coordinates":[-122.816497802734,38.8330001831055,1.92999994754791]},"id":"nc75239672"},
{"type":"Feature","properties":{"mag":-0.17,"place":"86 km NW of Karluk, Alaska","time":1758319555580,"updated":1758320791690,"tz":null,"url":"https://earthquake.usgs.gov/earthquakes/eventpage/av93779843","detail":"https://earthquake.usgs.gov/earthquakes/feed/v1.0/detail/av93779843.geojson","felt":null,"cdi":null,"mmi":null,"alert":null,"status":"reviewed","tsunami":0,"sig":0,"net":"av","code":"93779843","ids":",av93779843,","sources":",av,","types":",origin,phase-data,","nst":8,"dmin":0.04744,"rms":0.05,"gap":74,"magType":"ml","type":"earthquake","title":"M -0.2 - 86 km NW of Karluk, Alaska"},"geometry":{"type":"Point","coordinates":[-155.369166666667,58.1681666666667,1.86]},"id":"av93779843"},
{"type":"Feature","properties":{"mag":1.15,"place":"18 km E of Little Lake, CA","time":1758318938980,"updated":1758319145854,"tz":null,"url":"https://earthquake.usgs.gov/earthquakes/eventpage/ci40446474","detail":"https://earthquake.usgs.gov/earthquakes/feed/v1.0/detail/ci40446474.geojson","felt":null,"cdi":null,"mmi":null,"alert":null,"status":"automatic","tsunami":0,"sig":20,"net":"ci","code":"40446474","ids":",ci40446474,","sources":",ci,","types":",nearby-cities,origin,phase-data,scitech-link,","nst":29,"dmin":0.05383,"rms":0.12,"gap":39,"magType":"ml","type":"earthquake","title":"M 1.2 - 18 km E of Little Lake, CA"},"geometry":{"type":"Point","coordinates":[-117.7083333,35.9216667,2]},"id":"ci40446474"},
{"type":"Feature","properties":{"mag":1.82,"place":"14 km ENE of Borrego Springs, CA","time":1758318854640,"updated":1758319074399,"tz":null,"url":"https://earthquake.usgs.gov/earthquakes/eventpage/ci40446466","detail":"https://earthquake.usgs.gov/earthquakes/feed/v1.0/detail/ci40446466.geojson","felt":null,"cdi":null,"mmi":null,"alert":null,"status":"automatic","tsunami":0,"sig":51,"net":"ci","code":"40446466","ids":",ci40446466,","sources":",ci,","types":",nearby-cities,origin,phase-data,scitech-link,","nst":75,"dmin":0.09212,"rms":0.19,"gap":25,"magType":"ml","type":"earthquake","title":"M 1.8 - 14 km ENE of Borrego Springs, CA"},"geometry":{"type":"Point","coordinates":[-116.2318333,33.2831667,11.06]},"id":"ci40446466"},
{"type":"Feature","properties":{"mag":0.45,"place":"22 km N of Ridgecrest, CA","time":1758318322070,"updated":1758318524006,"tz":null,"url":"https://earthquake.usgs.gov/earthquakes/eventpage/ci40446458","detail":"https://earthquake.usgs.gov/earthquakes/feed/v1.0/detail/ci40446458.geojson","felt":null,"cdi":null,"mmi":null,"alert":null,"status":"automatic","tsunami":0,"sig":3,"net":"ci","code":"40446458","ids":",ci40446458,","sources":",ci,","types":",nearby-cities,origin,phase-data,scitech-link,","nst":19,"dmin":0.04772,"rms":0.14,"gap":48,"magType":"ml","type":"earthquake","title":"M 0.5 - 22 km N of Ridgecrest, CA"},"geometry":{"type":"Point","coordinates":[-117.6556667,35.8223333,7.85]},"id":"ci40446458"},
{"type":"Feature","properties":{"mag":4.3,"place":"115 km ESE of Petropavlovsk-Kamchatsky, Russia","time":1758318318843,"updated":1758329664040,"tz":null,"url":"https://earthquake.usgs.gov/earthquakes/eventpage/us7000qxgl","detail":"https://earthquake.usgs.gov/earthquakes/feed/v1.0/detail/us7000qxgl.geojson","felt":null,"cdi":null,"mmi":null,"alert":null,"status":"reviewed","tsunami":0,"sig":284,"net":"us","code":"7000qxgl","ids":",us7000qxgl,","sources":",us,","types":",origin,phase-data,","nst":52,"dmin":1.015,"rms":0.69,"gap":162,"magType":"mb","type":"earthquake","title":"M 4.3 - 115 km ESE of Petropavlovsk-Kamchatsky, Russia"},"geometry":{"type":"Point","coordinates":[160.2209,52.6727,35]},"id":"us7000qxgl"},
{"type":"Feature","properties":{"mag":1.5,"place":"17 km SSE of Lindsay, Texas","time":1758317596698,"updated":1758319227258,"tz":null,"url":"https://earthquake.usgs.gov/earthquakes/eventpage/tx2025smtkca","detail":"https://earthquake.usgs.gov/earthquakes/feed/v1.0/detail/tx2025smtkca.geojson","felt":null,"cdi":null,"mmi":null,"alert":null,"status":"automatic","tsunami":0,"sig":35,"net":"tx","code":"2025smtkca","ids":",tx2025smtkca,","sources":",tx,","types":",origin,phase-data,","nst":7,"dmin":0.1,"rms":0.8,"gap":138,"magType":"ml","type":"earthquake","title":"M 1.5 - 17 km SSE of Lindsay, Texas"},"geometry":{"type":"Point","coordinates":[-103.501,31.213,0.4344]},"id":"tx2025smtkca"},
{"type":"Feature","properties":{"mag":0.38,"place":"27 km W of Hebgen Lake Estates, Montana","time":1758317401710,"updated":1758318935660,"tz":null,"url":"https://earthquake.usgs.gov/earthquakes/eventpage/mb90112688","detail":"https://earthquake.usgs.gov/earthquakes/feed/v1.0/detail/mb90112688.geojson","felt":null,"cdi":null,"mmi":null,"alert":null,"status":"reviewed","tsunami":0,"sig":2,"net":"mb","code":"90112688","ids":",mb90112688,","sources":",mb,","types":",origin,phase-data,","nst":10,"dmin":0.02097,"rms":0.22,"gap":107,"magType":"ml","type":"earthquake","title":"M 0.4 - 27 km W of Hebgen Lake Estates, Montana"},"geometry":{"type":"Point","coordinates":[-111.533666666667,44.8108333333333,11.18]},"id":"mb90112688"},
{"type":"Feature","properties":{"mag":0.89,"place":"24 km ESE of Little Lake, CA","time":1758317373650,"updated":1758317584204,"tz":null,"url":"https://earthquake.usgs.gov/earthquakes/eventpage/ci40446450","detail":"https://earthquake.usgs.gov/earthquakes/feed/v1.0/detail/ci40446450.geojson","felt":null,"cdi":null,"mmi":null,"alert":null,"status":"automatic","tsunami":0,"sig":12,"net":"ci","code":"40446450","ids":",ci40446450,","sources":",ci,","types":",nearby-cities,origin,phase-data,scitech-link,","nst":27,"dmin":0.07251,"rms":0.17,"gap":47,"magType":"ml","type":"earthquake","title":"M 0.9 - 24 km ESE of Little Lake, CA"},"geometry":{"type":"Point","coordinates":[-117.6516667,35.8735,4.72]},"id":"ci40446450"},
{"type":"Feature","properties":{"mag":1.59,"place":"17 km S of Trona, CA","time":1758316983450,"updated":1758317208865,"tz":null,"url":"https://earthquake.usgs.gov/earthquakes/eventpage/ci40446442","detail":"https://earthquake.usgs.gov/earthquakes/feed/v1.0/detail/ci40446442.geojson","felt":null,"cdi":null,"mmi":null,"alert":null,"status":"automatic","tsunami":0,"sig":39,"net":"ci","code":"40446442","ids":",ci40446442,","sources":",ci,","types":",nearby-cities,origin,phase-data,scitech-link,","nst":39,"dmin":0.05368,"rms":0.14,"gap":50,"magType":"ml","type":"earthquake","title":"M 1.6 - 17 km S of Trona, CA"},"geometry":{"type":"Point","coordinates":[-117.4161667,35.6116667,7.36]},"id":"ci40446442"},
{"type":"Feature","properties":{"mag":1.6,"place":"23 km S of Westbrook, Texas","time":1758316340887,"updated":1758317387245,"tz":null,"url":"https://earthquake.usgs.gov/earthquakes/eventpage/tx2025smssda","detail":"https://earthquake.usgs.gov/earthquakes/feed/v1.0/detail/tx2025smssda.geojson","felt":null,"cdi":null,"mmi":null,"alert":null,"status":"reviewed","tsunami":0,"sig":39,"net":"tx","code":"2025smssda","ids":",tx2025smssda,","sources":",tx,","types":",origin,phase-data,","nst":23,"dmin":0.2,"rms":0.2,"gap":72,"magType":"ml","type":"earthquake","title":"M 1.6 - 23 km S of Westbrook, Texas"},"geometry":{"type":"Point","coordinates":[-101.058,32.145,3.0029]},"id":"tx2025smssda"},
{"type":"Feature","properties":{"mag":1.94,"place":"7 km ESE of Molalla, Oregon","time":1758315724300,"updated":1758316831070,"tz":null,"url":"https://earthquake.usgs.gov/earthquakes/eventpage/uw62191601","detail":"https://earthquake.usgs.gov/earthquakes/feed/v1.0/detail/uw62191601.geojson","felt":null,"cdi":null,"mmi":null,"alert":null,"status":"reviewed","tsunami":0,"sig":58,"net":"uw","code":"62191601","ids":",uw62191601,","sources":",uw,","types":",origin,phase-data,","nst":20,"dmin":0.09154,"rms":0.18,"gap":60,"magType":"ml","type":"explosion","title":"M 1.9 Explosion - 7 km ESE of Molalla, Oregon"},"geometry":{"type":"Point","coordinates":[-122.4915,45.11483333333333,-0.78]},"id":"uw62191601"},
{"type":"Feature","properties":{"mag":2.33,"place":"5 km SSW of Indios, Puerto Rico","time":1758315513890,"updated":1758316663700,"tz":null,"url":"https://earthquake.usgs.gov/earthquakes/eventpage/pr71496003","detail":"https://earthquake.usgs.gov/earthquakes/feed/v1.0/detail/pr71496003.geojson","felt":null,"cdi":null,"mmi":null,"alert":null,"status":"reviewed","tsunami":0,"sig":84,"net":"pr","code":"71496003","ids":",pr71496003,","sources":",pr,","types":",origin,phase-data,","nst":10,"dmin":0.04095,"rms":0.07,"gap":174,"magType":"md","type":"earthquake","title":"M 2.3 - 5 km SSW of Indios, Puerto Rico"},"geometry":{"type":"Point","coordinates":[-66.8326666666667,17.9493333333333,16.73]},"id":"pr71496003"},
{"type":"Feature","properties":{"mag":2.54,"place":"4 km WSW of Volcano, Hawaii","time":1758315056140,"updated":1758315238900,"tz":null,"url":"https://earthquake.usgs.gov/earthquakes/eventpage/hv74779757","detail":"https://earthquake.usgs.gov/earthquakes/feed/v1.0/detail/hv74779757.geojson","felt":null,"cdi":null,"mmi":null,"alert":null,"status":"automatic","tsunami":0,"sig":99,"net":"hv","code":"74779757","ids":",hv74779757,","sources":",hv,","types":",origin,phase-data,","nst":11,"dmin":0.002904,"rms":0.289999992,"gap":84,"magType":"ml","type":"earthquake","title":"M 2.5 - 4 km WSW of Volcano, Hawaii"},"geometry":{"type":"Point","coordinates":[-155.276168823242,19.4221668243408,0.610000014305115]},"id":"hv74779757"},
{"type":"Feature","properties":{"mag":1.5,"place":"22 km SSW of Skwentna, Alaska","time":1758313653689,"updated":1758313786709,"tz":null,"url":"https://earthquake.usgs.gov/earthquakes/eventpage/ak025c1mvgew","detail":"https://earthquake.usgs.gov/earthquakes/feed/v1.0/detail/ak025c1mvgew.geojson","felt":null,"cdi":null,"mmi":null,"alert":null,"status":"automatic","tsunami":0,"sig":35,"net":"ak","code":"025c1mvgew","ids":",ak025c1mvgew,","sources":",ak,","types":",origin,phase-data,","nst":null,"dmin":null,"rms":0.8,"gap":null,"magType":"ml","type":"earthquake","title":"M 1.5 - 22 km SSW of Skwentna, Alaska"},"geometry":{"type":"Point","coordinates":[-151.5429,61.805,60.5]},"id":"ak025c1mvgew"},
{"type":"Feature","properties":{"mag":4.8,"place":"170 km E of Petropavlovsk-Kamchatsky, Russia","time":1758312707705,"updated":1758314447040,"tz":null,"url":"https://earthquake.usgs.gov/earthquakes/eventpage/us7000qxfh","detail":"https://earthquake.usgs.gov/earthquakes/feed/v1.0/detail/us7000qxfh.geojson","felt":null,"cdi":null,"mmi":null,"alert":null,"status":"reviewed","tsunami":0,"sig":354,"net":"us","code":"7000qxfh","ids":",us7000qxfh,","sources":",us,","types":",origin,phase-data,","nst":67,"dmin":1.524,"rms":0.86,"gap":136,"magType":"mb","type":"earthquake","title":"M 4.8 - 170 km E of Petropavlovsk-Kamchatsky, Russia"},"geometry":{"type":"Point","coordinates":[161.1722,53.0941,10]},"id":"us7000qxfh"},
{"type":"Feature","properties":{"mag":1.33,"place":"3 km W of Anderson Springs, CA","time":1758311992510,"updated":1758320840038,"tz":null,"url":"https://earthquake.usgs.gov/earthquakes/eventpage/nc75239632","detail":"https://earthquake.usgs.gov/earthquakes/feed/v1.0/detail/nc75239632.geojson","felt":null,"cdi":null,"mmi":null,"alert":null,"status":"automatic","tsunami":0,"sig":27,"net":"nc","code":"75239632","ids":",nc75239632,","sources":",nc,","types":",nearby-cities,origin,phase-data,scitech-link,","nst":10,"dmin":0.0145,"rms":0.03,"gap":124,"magType":"md","type":"earthquake","title":"M 1.3 - 3 km W of Anderson Springs, CA"},"geometry":{"type":"Point","coordinates":[-122.723999023438,38.7726669311523,1.33000004291534]},"id":"nc75239632"},
{"type":"Feature","properties":{"mag":0.92,"place":"10 km ESE of Parkfield, CA","time":1758311845050,"updated":1758313041102,"tz":null,"url":"https://earthquake.usgs.gov/earthquakes/eventpage/nc75239627","detail":"https://earthquake.usgs.gov/earthquakes/feed/v1.0/detail/nc75239627.geojson","felt":null,"cdi":null,"mmi":null,"alert":null,"status":"automatic","tsunami":0,"sig":13,"net":"nc","code":"75239627","ids":",nc75239627,","sources":",nc,","types":",nearby-cities,origin,phase-data,scitech-link,","nst":11,"dmin":0.04206,"rms":0.04,"gap":163,"magType":"md","type":"earthquake","title":"M 0.9 - 10 km ESE of Parkfield, CA"},"geometry":{"type":"Point","coordinates":[-120.324501037598,35.876335144043,4.82000017166138]},"id":"nc75239627"},
{"type":"Feature","properties":{"mag":0.77,"place":"9 km S of Ovando, Montana","time":1758311041290,"updated":1758312853200,"tz":null,"url":"https://earthquake.usgs.gov/earthquakes/eventpage/mb90112673","detail":"https://earthquake.usgs.gov/earthquakes/feed/v1.0/detail/mb90112673.geojson","felt":null,"cdi":null,"mmi":null,"alert":null,"status":"reviewed","tsunami":0,"sig":9,"net":"mb","code":"90112673","ids":",mb90112673,","sources":",mb,","types":",origin,phase-data,","nst":8,"dmin":0.0901,"rms":0.05,"gap":158,"magType":"ml","type":"earthquake","title":"M 0.8 - 9 km S of Ovando, Montana"},"geometry":{"type":"Point","coordinates":[-113.124166666667,46.9353333333333,9.71]},"id":"mb90112673"},
{"type":"Feature","properties":{"mag":2.1,"place":"59 km W of Nanwalek, Alaska","time":1758310850213,"updated":1758310972715,"tz":null,"url":"https://earthquake.usgs.gov/earthquakes/eventpage/ak025c1mcue5","detail":"https://earthquake.usgs.gov/earthquakes/feed/v1.0/detail/ak025c1mcue5.geojson","felt":null,"cdi":null,"mmi":null,"alert":null,"status":"automatic","tsunami":0,"sig":68,"net":"ak","code":"025c1mcue5","ids":",ak025c1mcue5,","sources":",ak,","types":",origin,phase-data,","nst":null,"dmin":null,"rms":0.52,"gap":null,"magType":"ml","type":"earthquake","title":"M 2.1 - 59 km W of Nanwalek, Alaska"},"geometry":{"type":"Point","coordinates":[-152.9568,59.4604,82.9]},"id":"ak025c1mcue5"},
{"type":"Feature","properties":{"mag":0.9,"place":"17 km SSE of Ackerly, Texas","time":1758310448925,"updated":1758312810748,"tz":null,"url":"https://earthquake.usgs.gov/earthquakes/eventpage/tx2025smpikg","detail":"https://earthquake.usgs.gov/earthquakes/feed/v1.0/detail/tx2025smpikg.geojson","felt":null,"cdi":null,"mmi":null,"alert":null,"status":"reviewed","tsunami":0,"sig":12,"net":"tx","code":"2025smpikg","ids":",tx2025smpikg,","sources":",tx,","types":",origin,phase-data,","nst":14,"dmin":0,"rms":0.1,"gap":74,"magType":"ml","type":"earthquake","title":"M 0.9 - 17 km SSE of Ackerly, Texas"},"geometry":{"type":"Point","coordinates":[-101.646,32.378,6.8115]},"id":"tx2025smpikg"},
{"type":"Feature","properties":{"mag":1.05,"place":"3 km  of The Geysers, CA","time":1758309490650,"updated":1758310939840,"tz":null,"url":"https://earthquake.usgs.gov/earthquakes/eventpage/nc75239622","detail":"https://earthquake.usgs.gov/earthquakes/feed/v1.0/detail/nc75239622.geojson","felt":null,"cdi":null,"mmi":null,"alert":null,"status":"automatic","tsunami":0,"sig":17,"net":"nc","code":"75239622","ids":",nc75239622,","sources":",nc,","types":",nearby-cities,origin,phase-data,scitech-link,","nst":17,"dmin":0.01016,"rms":0.03,"gap":108,"magType":"md","type":"earthquake","title":"M 1.1 - 3 km  of The Geysers, CA"},"geometry":{"type":"Point","coordinates":[-122.77116394043,38.8063316345215,2.09999990463257]},"id":"nc75239622"},
{"type":"Feature","properties":{"mag":0.92,"place":"24 km N of Spencer, Idaho","time":1758309343930,"updated":1758315520540,"tz":null,"url":"https://earthquake.usgs.gov/earthquakes/eventpage/mb90112683","detail":"https://earthquake.usgs.gov/earthquakes/feed/v1.0/detail/mb90112683.geojson","felt":null,"cdi":null,"mmi":null,"alert":null,"status":"reviewed","tsunami":0,"sig":13,"net":"mb","code":"90112683","ids":",mb90112683,","sources":",mb,","types":",origin,phase-data,","nst":11,"dmin":0.1344,"rms":0.12,"gap":128,"magType":"ml","type":"earthquake","title":"M 0.9 - 24 km N of Spencer, Idaho"},"geometry":{"type":"Point","coordinates":[-112.206666666667,44.5843333333333,3.01]},"id":"mb90112683"},
{"type":"Feature","properties":{"mag":1.56,"place":"6 km NNW of Lakeside, CA","time":1758309291080,"updated":1758314181533,"tz":null,"url":"https://earthquake.usgs.gov/earthquakes/eventpage/ci40446322","detail":"https://earthquake.usgs.gov/earthquakes/feed/v1.0/detail/ci40446322.geojson","felt":null,"cdi":null,"mmi":null,"alert":null,"status":"reviewed","tsunami":0,"sig":37,"net":"ci","code":"40446322","ids":",ci40446322,","sources":",ci,","types":",nearby-cities,origin,phase-data,scitech-link,","nst":34,"dmin":0.0714,"rms":0.29,"gap":62,"magType":"ml","type":"quarry blast","title":"M 1.6 Quarry Blast - 6 km NNW of Lakeside, CA"},"geometry":{"type":"Point","coordinates":[-116.9445,32.907,-0.18]},"id":"ci40446322"},
{"type":"Feature","properties":{"mag":1.13,"place":"4 km NW of The Geysers, CA","time":1758308884770,"updated":1758319639909,"tz":null,"url":"https://earthquake.usgs.gov/earthquakes/eventpage/nc75239617","detail":"https://earthquake.usgs.gov/earthquakes/feed/v1.0/detail/nc75239617.geojson","felt":null,"cdi":null,"mmi":null,"alert":null,"status":"automatic","tsunami":0,"sig":20,"net":"nc","code":"75239617","ids":",nc75239617,","sources":",nc,","types":",nearby-cities,origin,phase-data,scitech-link,","nst":21,"dmin":0.005609,"rms":0.03,"gap":56,"magType":"md","type":"earthquake","title":"M 1.1 - 4 km NW of The Geysers, CA"},"geometry":{"type":"Point","coordinates":[-122.801666259766,38.7938346862793,3.25999999046326]},"id":"nc75239617"},
{"type":"Feature","properties":{"mag":0.74,"place":"5 km WNW of Cobb, CA","time":1758308282660,"updated":1758309440642,"tz":null,"url":"https://earthquake.usgs.gov/earthquakes/eventpage/nc75239607","detail":"https://earthquake.usgs.gov/earthquakes/feed/v1.0/detail/nc75239607.geojson","felt":null,"cdi":null,"mmi":null,"alert":null,"status":"automatic","tsunami":0,"sig":8,"net":"nc","code":"75239607","ids":",nc75239607,","sources":",nc,","types":",nearby-cities,origin,phase-data,scitech-link,","nst":9,"dmin":0.006163,"rms":0.01,"gap":130,"magType":"md","type":"earthquake","title":"M 0.7 - 5 km WNW of Cobb, CA"},"geometry":{"type":"Point","coordinates":[-122.783500671387,38.835334777832,1.94000005722046]},"id":"nc75239607"},
{"type":"Feature","properties":{"mag":4.9,"place":"133 km E of Petropavlovsk-Kamchatsky, Russia","time":1758307244389,"updated":1758312207040,"tz":null,"url":"https://earthquake.usgs.gov/earthquakes/eventpage/us7000qxex","detail":"https://earthquake.usgs.gov/earthquakes/feed/v1.0/detail/us7000qxex.geojson","felt":null,"cdi":null,"mmi":null,"alert":null,"status":"reviewed","tsunami":0,"sig":369,"net":"us","code":"7000qxex","ids":",us7000qxex,","sources":",us,","types":",origin,phase-data,","nst":70,"dmin":1.184,"rms":0.68,"gap":134,"magType":"mb","type":"earthquake","title":"M 4.9 - 133 km E of Petropavlovsk-Kamchatsky, Russia"},"geometry":{"type":"Point","coordinates":[160.607,52.9661,31.921]},"id":"us7000qxex"},
{"type":"Feature","properties":{"mag":2,"place":"21 km NW of Seldovia Village, Alaska","time":1758306433735,"updated":1758306568835,"tz":null,"url":"https://earthquake.usgs.gov/earthquakes/eventpage/ak025c1lojnx","detail":"https://earthquake.usgs.gov/earthquakes/feed/v1.0/detail/ak025c1lojnx.geojson","felt":null,"cdi":null,"mmi":null,"alert":null,"status":"automatic","tsunami":0,"sig":62,"net":"ak","code":"025c1lojnx","ids":",ak025c1lojnx,","sources":",ak,","types":",origin,phase-data,","nst":null,"dmin":null,"rms":0.6,"gap":null,"magType":"ml","type":"earthquake","title":"M 2.0 - 21 km NW of Seldovia Village, Alaska"},"geometry":{"type":"Point","coordinates":[-151.9641,59.5855,42.3]},"id":"ak025c1lojnx"},
{"type":"Feature","properties":{"mag":1.18,"place":"11 km SE of Katie, Oklahoma","time":1758306083170,"updated":1758306951513,"tz":null,"url":"https://earthquake.usgs.gov/earthquakes/eventpage/ok2025skgq","detail":"https://earthquake.usgs.gov/earthquakes/feed/v1.0/detail/ok2025skgq.geojson","felt":null,"cdi":null,"mmi":null,"alert":null,"status":"reviewed","tsunami":0,"sig":21,"net":"ok","code":"2025skgq","ids":",ok2025skgq,","sources":",ok,","types":",origin,phase-data,","nst":32,"dmin":0.09268181267,"rms":0.37,"gap":76,"magType":"ml","type":"quarry blast","title":"M 1.2 Quarry Blast - 11 km SE of Katie, Oklahoma"},"geometry":{"type":"Point","coordinates":[-97.26033333,34.51366667,0]},"id":"ok2025skgq"},
{"type":"Feature","properties":{"mag":1.06,"place":"93 km NNW of Karluk, Alaska","time":1758305821040,"updated":1758321851815,"tz":null,"url":"https://earthquake.usgs.gov/earthquakes/eventpage/av93779508","detail":"https://earthquake.usgs.gov/earthquakes/feed/v1.0/detail/av93779508.geojson","felt":null,"cdi":null,"mmi":null,"alert":null,"status":"reviewed","tsunami":0,"sig":17,"net":"av","code":"93779508","ids":",av93779508,ak025c1lmdk0,","sources":",av,ak,","types":",origin,phase-data,","nst":16,"dmin":0.01001,"rms":0.2,"gap":154,"magType":"ml","type":"earthquake","title":"M 1.1 - 93 km NNW of Karluk, Alaska"},"geometry":{"type":"Point","coordinates":[-154.783166666667,58.386,5.43]},"id":"av93779508"},
{"type":"Feature","properties":{"mag":2,"place":"17 km NW of Petersville, Alaska","time":1758305178043,"updated":1758305337542,"tz":null,"url":"https://earthquake.usgs.gov/earthquakes/eventpage/ak025c1lk1yk","detail":"https://earthquake.usgs.gov/earthquakes/feed/v1.0/detail/ak025c1lk1yk.geojson","felt":null,"cdi":null,"mmi":null,"alert":null,"status":"automatic","tsunami":0,"sig":62,"net":"ak","code":"025c1lk1yk","ids":",ak025c1lk1yk,","sources":",ak,","types":",origin,phase-data,","nst":null,"dmin":null,"rms":0.58,"gap":null,"magType":"ml","type":"earthquake","title":"M 2.0 - 17 km NW of Petersville, Alaska"},"geometry":{"type":"Point","coordinates":[-150.9755,62.6245,76.8]},"id":"ak025c1lk1yk"},
{"type":"Feature","properties":{"mag":4.6,"place":"28 km ESE of Ōarai, Japan","time":1758304936026,"updated":1758306319040,"tz":null,"url":"https://earthquake.usgs.gov/earthquakes/eventpage/us7000qxes","detail":"https://earthquake.usgs.gov/earthquakes/feed/v1.0/detail/us7000qxes.geojson","felt":null,"cdi":null,"mmi":null,"alert":null,"status":"reviewed","tsunami":0,"sig":326,"net":"us","code":"7000qxes","ids":",us7000qxes,","sources":",us,","types":",origin,phase-data,","nst":44,"dmin":2.171,"rms":0.54,"gap":134,"magType":"mb","type":"earthquake","title":"M 4.6 - 28 km ESE of Ōarai, Japan"},"geometry":{"type":"Point","coordinates":[140.8626,36.1871,46.585]},"id":"us7000qxes"},
{"type":"Feature","properties":{"mag":4.9,"place":"157 km E of Petropavlovsk-Kamchatsky, Russia","time":1758304666688,"updated":1758311895040,"tz":null,"url":"https://earthquake.usgs.gov/earthquakes/eventpage/us7000qxen","detail":"https://earthquake.usgs.gov/earthquakes/feed/v1.0/detail/us7000qxen.geojson","felt":null,"cdi":null,"mmi":null,"alert":null,"status":"reviewed","tsunami":0,"sig":369,"net":"us","code":"7000qxen","ids":",us7000qxen,","sources":",us,","types":",origin,phase-data,","nst":94,"dmin":1.4,"rms":0.85,"gap":119,"magType":"mb","type":"earthquake","title":"M 4.9 - 157 km E of Petropavlovsk-Kamchatsky, Russia"},"geometry":{"type":"Point","coordinates":[160.9674,53.0024,10]},"id":"us7000qxen"},
{"type":"Feature","properties":{"mag":0.92,"place":"6 km NNW of The Geysers, CA","time":1758304533990,"updated":1758307040369,"tz":null,"url":"https://earthquake.usgs.gov/earthquakes/eventpage/nc75239592","detail":"https://earthquake.usgs.gov/earthquakes/feed/v1.0/detail/nc75239592.geojson","felt":null,"cdi":null,"mmi":null,"alert":null,"status":"automatic","tsunami":0,"sig":13,"net":"nc","code":"75239592","ids":",nc75239592,","sources":",nc,","types":",nearby-cities,origin,phase-data,scitech-link,","nst":17,"dmin":0.007182,"rms":0.02,"gap":38,"magType":"md","type":"earthquake","title":"M 0.9 - 6 km NNW of The Geysers, CA"},"geometry":{"type":"Point","coordinates":[-122.803337097168,38.8185005187988,3.00999999046326]},"id":"nc75239592"},
{"type":"Feature","properties":{"mag":0.93,"place":"19 km E of Julian, CA","time":1758304457930,"updated":1758304690402,"tz":null,"url":"https://earthquake.usgs.gov/earthquakes/eventpage/ci40446306","detail":"https://earthquake.usgs.gov/earthquakes/feed/v1.0/detail/ci40446306.geojson","felt":null,"cdi":null,"mmi":null,"alert":null,"status":"automatic","tsunami":0,"sig":13,"net":"ci","code":"40446306","ids":",ci40446306,","sources":",ci,","types":",nearby-cities,origin,phase-data,scitech-link,","nst":39,"dmin":0.03835,"rms":0.19,"gap":43,"magType":"ml","type":"earthquake","title":"M 0.9 - 19 km E of Julian, CA"},"geometry":{"type":"Point","coordinates":[-116.3968333,33.061,7.8]},"id":"ci40446306"},
{"type":"Feature","properties":{"mag":0.51,"place":"1 km NNW of The Geysers, CA","time":1758304310670,"updated":1758305537192,"tz":null,"url":"https://earthquake.usgs.gov/earthquakes/eventpage/nc75239587","detail":"https://earthquake.usgs.gov/earthquakes/feed/v1.0/detail/nc75239587.geojson","felt":null,"cdi":null,"mmi":null,"alert":null,"status":"automatic","tsunami":0,"sig":4,"net":"nc","code":"75239587","ids":",nc75239587,","sources":",nc,","types":",nearby-cities,origin,phase-data,scitech-link,","nst":9,"dmin":0.01424,"rms":0.02,"gap":96,"magType":"md","type":"earthquake","title":"M 0.5 - 1 km NNW of The Geysers, CA"},"geometry":{"type":"Point","coordinates":[-122.766830444336,38.7874984741211,2.59999990463257]},"id":"nc75239587"},
{"type":"Feature","properties":{"mag":1.7,"place":"6 km SSW of Forsan, Texas","time":1758303990604,"updated":1758304811628,"tz":null,"url":"https://earthquake.usgs.gov/earthquakes/eventpage/tx2025smlwti","detail":"https://earthquake.usgs.gov/earthquakes/feed/v1.0/detail/tx2025smlwti.geojson","felt":null,"cdi":null,"mmi":null,"alert":null,"status":"automatic","tsunami":0,"sig":44,"net":"tx","code":"2025smlwti","ids":",tx2025smlwti,","sources":",tx,","types":",origin,phase-data,","nst":6,"dmin":0.2,"rms":0.5,"gap":118,"magType":"ml","type":"earthquake","title":"M 1.7 - 6 km SSW of Forsan, Texas"},"geometry":{"type":"Point","coordinates":[-101.396,32.058,11.4369]},"id":"tx2025smlwti"},
{"type":"Feature","properties":{"mag":1.6,"place":"13 km E of Talkeetna, Alaska","time":1758303929393,"updated":1758304057211,"tz":null,"url":"https://earthquake.usgs.gov/earthquakes/eventpage/ak025c1l705n","detail":"https://earthquake.usgs.gov/earthquakes/feed/v1.0/detail/ak025c1l705n.geojson","felt":null,"cdi":null,"mmi":null,"alert":null,"status":"automatic","tsunami":0,"sig":39,"net":"ak","code":"025c1l705n","ids":",ak025c1l705n,","sources":",ak,","types":",origin,phase-data,","nst":null,"dmin":null,"rms":0.46,"gap":null,"magType":"ml","type":"earthquake","title":"M 1.6 - 13 km E of Talkeetna, Alaska"},"geometry":{"type":"Point","coordinates":[-149.8458,62.3213,13]},"id":"ak025c1l705n"},
{"type":"Feature","properties":{"mag":4.9,"place":"86 km E of Petropavlovsk-Kamchatsky, Russia","time":1758303511149,"updated":1758305031040,"tz":null,"url":"https://earthquake.usgs.gov/earthquakes/eventpage/us7000qxek","detail":"https://earthquake.usgs.gov/earthquakes/feed/v1.0/detail/us7000qxek.geojson","felt":null,"cdi":null,"mmi":null,"alert":null,"status":"reviewed","tsunami":0,"sig":369,"net":"us","code":"7000qxek","ids":",us7000qxek,","sources":",us,","types":",origin,phase-data,","nst":72,"dmin":0.774,"rms":0.59,"gap":126,"magType":"mb","type":"earthquake","title":"M 4.9 - 86 km E of Petropavlovsk-Kamchatsky, Russia"},"geometry":{"type":"Point","coordinates":[159.9233,53.1132,55.347]},"id":"us7000qxek"},
{"type":"Feature","properties":{"mag":0.89,"place":"9 km E of Chickasha, Oklahoma","time":1758303435339,"updated":1758305478593,"tz":null,"url":"https://earthquake.usgs.gov/earthquakes/eventpage/ok2025skfe","detail":"https://earthquake.usgs.gov/earthquakes/feed/v1.0/detail/ok2025skfe.geojson","felt":null,"cdi":null,"mmi":null,"alert":null,"status":"reviewed","tsunami":0,"sig":12,"net":"ok","code":"2025skfe","ids":",ok2025skfe,","sources":",ok,","types":",origin,phase-data,","nst":36,"dmin":0.1097784577,"rms":0.22,"gap":63,"magType":"ml","type":"earthquake","title":"M 0.9 - 9 km E of Chickasha, Oklahoma"},"geometry":{"type":"Point","coordinates":[-97.83183333,35.049,9.16]},"id":"ok2025skfe"},
{"type":"Feature","properties":{"mag":0.8,"place":"6 km ESE of Coso Junction, CA","time":1758303039860,"updated":1758303249775,"tz":null,"url":"https://earthquake.usgs.gov/earthquakes/eventpage/ci40446290","detail":"https://earthquake.usgs.gov/earthquakes/feed/v1.0/detail/ci40446290.geojson","felt":null,"cdi":null,"mmi":null,"alert":null,"status":"automatic","tsunami":0,"sig":10,"net":"ci","code":"40446290","ids":",ci40446290,","sources":",ci,","types":",nearby-cities,origin,phase-data,scitech-link,","nst":22,"dmin":0.01673,"rms":0.12,"gap":76,"magType":"ml","type":"earthquake","title":"M 0.8 - 6 km ESE of Coso Junction, CA"},"geometry":{"type":"Point","coordinates":[-117.8905,36.0245,3.2]},"id":"ci40446290"},
{"type":"Feature","properties":{"mag":0.75,"place":"13 km ESE of Coso Junction, CA","time":1758302769810,"updated":1758302971737,"tz":null,"url":"https://earthquake.usgs.gov/earthquakes/eventpage/ci40446282","detail":"https://earthquake.usgs.gov/earthquakes/feed/v1.0/detail/ci40446282.geojson","felt":null,"cdi":null,"mmi":null,"alert":null,"status":"automatic","tsunami":0,"sig":9,"net":"ci","code":"40446282","ids":",ci40446282,","sources":",ci,","types":",nearby-cities,origin,phase-data,scitech-link,","nst":21,"dmin":0.03726,"rms":0.12,"gap":51,"magType":"ml","type":"earthquake","title":"M 0.8 - 13 km ESE of Coso Junction, CA"},"geometry":{"type":"Point","coordinates":[-117.8108333,36.0203333,1.47]},"id":"ci40446282"},
{"type":"Feature","properties":{"mag":0.84,"place":"12 km SW of Salton City, CA","time":1758302738440,"updated":1758302946410,"tz":null,"url":"https://earthquake.usgs.gov/earthquakes/eventpage/ci40446274","detail":"https://earthquake.usgs.gov/earthquakes/feed/v1.0/detail/ci40446274.geojson","felt":null,"cdi":null,"mmi":null,"alert":null,"status":"automatic","tsunami":0,"sig":11,"net":"ci","code":"40446274","ids":",ci40446274,","sources":",ci,","types":",nearby-cities,origin,phase-data,scitech-link,","nst":39,"dmin":0.07312,"rms":0.26,"gap":71,"magType":"ml","type":"earthquake","title":"M 0.8 - 12 km SW of Salton City, CA"},"geometry":{"type":"Point","coordinates":[-116.0425,33.2243333,7.61]},"id":"ci40446274"},
{"type":"Feature","properties":{"mag":1.7,"place":"15 km N of Balmorhea, Texas","time":1758302554560,"updated":1758310565044,"tz":null,"url":"https://earthquake.usgs.gov/earthquakes/eventpage/tx2025smlbvj","detail":"https://earthquake.usgs.gov/earthquakes/feed/v1.0/detail/tx2025smlbvj.geojson","felt":null,"cdi":null,"mmi":null,"alert":null,"status":"reviewed","tsunami":0,"sig":44,"net":"tx","code":"2025smlbvj","ids":",tx2025smlbvj,","sources":",tx,","types":",origin,phase-data,","nst":19,"dmin":0.1,"rms":0.3,"gap":60,"magType":"ml","type":"earthquake","title":"M 1.7 - 15 km N of Balmorhea, Texas"},"geometry":{"type":"Point","coordinates":[-103.735,31.12,1.8958]},"id":"tx2025smlbvj"},
{"type":"Feature","properties":{"mag":1.12,"place":"6 km ESE of Coso Junction, CA","time":1758302453760,"updated":1758302673378,"tz":null,"url":"https://earthquake.usgs.gov/earthquakes/eventpage/ci40446266","detail":"https://earthquake.usgs.gov/earthquakes/feed/v1.0/detail/ci40446266.geojson","felt":null,"cdi":null,"mmi":null,"alert":null,"status":"automatic","tsunami":0,"sig":19,"net":"ci","code":"40446266","ids":",ci40446266,","sources":",ci,","types":",nearby-cities,origin,phase-data,scitech-link,","nst":29,"dmin":0.01696,"rms":0.15,"gap":52,"magType":"ml","type":"earthquake","title":"M 1.1 - 6 km ESE of Coso Junction, CA"},"geometry":{"type":"Point","coordinates":[-117.8923333,36.0246667,3.08]},"id":"ci40446266"},
{"type":"Feature","properties":{"mag":2.19,"place":"4 km SW of Volcano, Hawaii","time":1758302219240,"updated":1758302403720,"tz":null,"url":"https://earthquake.usgs.gov/earthquakes/eventpage/hv74779672","detail":"https://earthquake.usgs.gov/earthquakes/feed/v1.0/detail/hv74779672.geojson","felt":null,"cdi":null,"mmi":null,"alert":null,"status":"automatic","tsunami":0,"sig":74,"net":"hv","code":"74779672","ids":",hv74779672,","sources":",hv,","types":",origin,phase-data,","nst":19,"dmin":0.009032,"rms":0.150000006,"gap":72,"magType":"ml","type":"earthquake","title":"M 2.2 - 4 km SW of Volcano, Hawaii"},"geometry":{"type":"Point","coordinates":[-155.271835327148,19.4174995422363,0.0900000035762787]},"id":"hv74779672"},
{"type":"Feature","properties":{"mag":0.73,"place":"14 km SE of Lincoln, Montana","time":1758302195980,"updated":1758312606080,"tz":null,"url":"https://earthquake.usgs.gov/earthquakes/eventpage/mb90112668","detail":"https://earthquake.usgs.gov/earthquakes/feed/v1.0/detail/mb90112668.geojson","felt":null,"cdi":null,"mmi":null,"alert":null,"status":"reviewed","tsunami":0,"sig":8,"net":"mb","code":"90112668","ids":",mb90112668,","sources":",mb,","types":",origin,phase-data,","nst":9,"dmin":0.05507,"rms":0.15,"gap":122,"magType":"ml","type":"earthquake","title":"M 0.7 - 14 km SE of Lincoln, Montana"},"geometry":{"type":"Point","coordinates":[-112.529833333333,46.8823333333333,12.9]},"id":"mb90112668"},
{"type":"Feature","properties":{"mag":0.67,"place":"16 km W of Searles Valley, CA","time":1758302147830,"updated":1758302358798,"tz":null,"url":"https://earthquake.usgs.gov/earthquakes/eventpage/ci40446258","detail":"https://earthquake.usgs.gov/earthquakes/feed/v1.0/detail/ci40446258.geojson","felt":null,"cdi":null,"mmi":null,"alert":null,"status":"automatic","tsunami":0,"sig":7,"net":"ci","code":"40446258","ids":",ci40446258,","sources":",ci,","types":",nearby-cities,origin,phase-data,scitech-link,","nst":25,"dmin":0.04015,"rms":0.17,"gap":56,"magType":"ml","type":"earthquake","title":"M 0.7 - 16 km W of Searles Valley, CA"},"geometry":{"type":"Point","coordinates":[-117.5841667,35.777,5.79]},"id":"ci40446258"},
{"type":"Feature","properties":{"mag":1.32,"place":"8 km WNW of Cobb, CA","time":1758302112000,"updated":1758310038721,"tz":null,"url":"https://earthquake.usgs.gov/earthquakes/eventpage/nc75239582","detail":"https://earthquake.usgs.gov/earthquakes/feed/v1.0/detail/nc75239582.geojson","felt":null,"cdi":null,"mmi":null,"alert":null,"status":"automatic","tsunami":0,"sig":27,"net":"nc","code":"75239582","ids":",nc75239582,","sources":",nc,","types":",nearby-cities,origin,phase-data,scitech-link,","nst":21,"dmin":0.01495,"rms":0.02,"gap":89,"magType":"md","type":"earthquake","title":"M 1.3 - 8 km WNW of Cobb, CA"},"geometry":{"type":"Point","coordinates":[-122.811332702637,38.8383331298828,2.11999988555908]},"id":"nc75239582"},
{"type":"Feature","properties":{"mag":1.03,"place":"8 km WNW of Cobb, CA","time":1758302065500,"updated":1758303738976,"tz":null,"url":"https://earthquake.usgs.gov/earthquakes/eventpage/nc75239577","detail":"https://earthquake.usgs.gov/earthquakes/feed/v1.0/detail/nc75239577.geojson","felt":null,"cdi":null,"mmi":null,"alert":null,"status":"automatic","tsunami":0,"sig":16,"net":"nc","code":"75239577","ids":",nc75239577,","sources":",nc,","types":",nearby-cities,origin,phase-data,scitech-link,","nst":14,"dmin":0.01511,"rms":0.01,"gap":90,"magType":"md","type":"earthquake","title":"M 1.0 - 8 km WNW of Cobb, CA"},"geometry":{"type":"Point","coordinates":[-122.811164855957,38.8385009765625,2.04999995231628]},"id":"nc75239577"},
{"type":"Feature","properties":{"mag":-0.21,"place":"61 km WNW of Beluga, Alaska","time":1758301616150,"updated":1758318448830,"tz":null,"url":"https://earthquake.usgs.gov/earthquakes/eventpage/av93779353","detail":"https://earthquake.usgs.gov/earthquakes/feed/v1.0/detail/av93779353.geojson","felt":null,"cdi":null,"mmi":null,"alert":null,"status":"reviewed","tsunami":0,"sig":0,"net":"av","code":"93779353","ids":",av93779353,","sources":",av,","types":",origin,phase-data,","nst":8,"dmin":0.02769,"rms":0.23,"gap":128,"magType":"ml","type":"earthquake","title":"M -0.2 - 61 km WNW of Beluga, Alaska"},"geometry":{"type":"Point","coordinates":[-152.191333333333,61.287,6.97]},"id":"av93779353"},
{"type":"Feature","properties":{"mag":5.2,"place":"167 km E of Petropavlovsk-Kamchatsky, Russia","time":1758301600747,"updated":1758302729040,"tz":null,"url":"https://earthquake.usgs.gov/earthquakes/eventpage/us7000qxec","detail":"https://earthquake.usgs.gov/earthquakes/feed/v1.0/detail/us7000qxec.geojson","felt":null,"cdi":null,"mmi":null,"alert":null,"status":"reviewed","tsunami":0,"sig":416,"net":"us","code":"7000qxec","ids":",us7000qxec,","sources":",us,","types":",origin,phase-data,","nst":180,"dmin":1.49,"rms":0.63,"gap":64,"magType":"mb","type":"earthquake","title":"M 5.2 - 167 km E of Petropavlovsk-Kamchatsky, Russia"},"geometry":{"type":"Point","coordinates":[161.1039,52.8957,29.846]},"id":"us7000qxec"},
{"type":"Feature","properties":{"mag":0.29,"place":"57 km NW of Beluga, Alaska","time":1758301304990,"updated":1758320193360,"tz":null,"url":"https://earthquake.usgs.gov/earthquakes/eventpage/av93779343","detail":"https://earthquake.usgs.gov/earthquakes/feed/v1.0/detail/av93779343.geojson","felt":null,"cdi":null,"mmi":null,"alert":null,"status":"reviewed","tsunami":0,"sig":1,"net":"av","code":"93779343","ids":",av93779343,","sources":",av,","types":",origin,phase-data,","nst":8,"dmin":0.05793,"rms":0.22,"gap":151,"magType":"ml","type":"earthquake","title":"M 0.3 - 57 km NW of Beluga, Alaska"},"geometry":{"type":"Point","coordinates":[-151.926,61.4603333333333,1.77]},"id":"av93779343"},
{"type":"Feature","properties":{"mag":1.12,"place":"19 km SSW of Ocotillo Wells, CA","time":1758301003610,"updated":1758301214218,"tz":null,"url":"https://earthquake.usgs.gov/earthquakes/eventpage/ci40446250","detail":"https://earthquake.usgs.gov/earthquakes/feed/v1.0/detail/ci40446250.geojson","felt":null,"cdi":null,"mmi":null,"alert":null,"status":"automatic","tsunami":0,"sig":19,"net":"ci","code":"40446250","ids":",ci40446250,","sources":",ci,","types":",nearby-cities,origin,phase-data,scitech-link,","nst":43,"dmin":0.07458,"rms":0.19,"gap":48,"magType":"ml","type":"earthquake","title":"M 1.1 - 19 km SSW of Ocotillo Wells, CA"},"geometry":{"type":"Point","coordinates":[-116.2318333,32.9988333,7.29]},"id":"ci40446250"},
{"type":"Feature","properties":{"mag":2.3,"place":"58 km NE of Valmy, Nevada","time":1758300874633,"updated":1758319695617,"tz":null,"url":"https://earthquake.usgs.gov/earthquakes/eventpage/nn00904696","detail":"https://earthquake.usgs.gov/earthquakes/feed/v1.0/detail/nn00904696.geojson","felt":null,"cdi":null,"mmi":null,"alert":null,"status":"reviewed","tsunami":0,"sig":81,"net":"nn","code":"00904696","ids":",nn00904696,","sources":",nn,","types":",origin,phase-data,","nst":8,"dmin":0.271,"rms":0.1696,"gap":253.17000000000002,"magType":"ml","type":"earthquake","title":"M 2.3 - 58 km NE of Valmy, Nevada"},"geometry":{"type":"Point","coordinates":[-116.6597,41.1827,9.4]},"id":"nn00904696"},
{"type":"Feature","properties":{"mag":0.1,"place":"54 km N of Chignik Lagoon, Alaska","time":1758300423680,"updated":1758319121870,"tz":null,"url":"https://earthquake.usgs.gov/earthquakes/eventpage/av93779308","detail":"https://earthquake.usgs.gov/earthquakes/feed/v1.0/detail/av93779308.geojson","felt":null,"cdi":null,"mmi":null,"alert":null,"status":"reviewed","tsunami":0,"sig":0,"net":"av","code":"93779308","ids":",av93779308,","sources":",av,","types":",origin,phase-data,","nst":5,"dmin":0.09083,"rms":0.11,"gap":310,"magType":"ml","type":"earthquake","title":"M 0.1 - 54 km N of Chignik Lagoon, Alaska"},"geometry":{"type":"Point","coordinates":[-158.447333333333,56.796,12.55]},"id":"av93779308"},
{"type":"Feature","properties":{"mag":0.8,"place":"9 km SE of Valle Vista, CA","time":1758300281040,"updated":1758300490654,"tz":null,"url":"https://earthquake.usgs.gov/earthquakes/eventpage/ci40446242","detail":"https://earthquake.usgs.gov/earthquakes/feed/v1.0/detail/ci40446242.geojson","felt":null,"cdi":null,"mmi":null,"alert":null,"status":"automatic","tsunami":0,"sig":10,"net":"ci","code":"40446242","ids":",ci40446242,","sources":",ci,","types":",nearby-cities,origin,phase-data,scitech-link,","nst":20,"dmin":0.07183,"rms":0.14,"gap":87,"magType":"ml","type":"earthquake","title":"M 0.8 - 9 km SE of Valle Vista, CA"},"geometry":{"type":"Point","coordinates":[-116.8218333,33.6986667,16.99]},"id":"ci40446242"},
{"type":"Feature","properties":{"mag":-0.61,"place":"65 km WNW of Beluga, Alaska","time":1758300274760,"updated":1758317010520,"tz":null,"url":"https://earthquake.usgs.gov/earthquakes/eventpage/av93779303","detail":"https://earthquake.usgs.gov/earthquakes/feed/v1.0/detail/av93779303.geojson","felt":null,"cdi":null,"mmi":null,"alert":null,"status":"reviewed","tsunami":0,"sig":0,"net":"av","code":"93779303","ids":",av93779303,","sources":",av,","types":",origin,phase-data,","nst":6,"dmin":0.0599,"rms":0.04,"gap":149,"magType":"ml","type":"earthquake","title":"M -0.6 - 65 km WNW of Beluga, Alaska"},"geometry":{"type":"Point","coordinates":[-152.239,61.3221666666667,0.42]},"id":"av93779303"},
{"type":"Feature","properties":{"mag":-0.52,"place":"80 km NW of Ninilchik, Alaska","time":1758298984380,"updated":1758320374290,"tz":null,"url":"https://earthquake.usgs.gov/earthquakes/eventpage/av93779268","detail":"https://earthquake.usgs.gov/earthquakes/feed/v1.0/detail/av93779268.geojson","felt":null,"cdi":null,"mmi":null,"alert":null,"status":"reviewed","tsunami":0,"sig":0,"net":"av","code":"93779268","ids":",av93779268,","sources":",av,","types":",origin,phase-data,","nst":5,"dmin":0.04265,"rms":0.26,"gap":130,"magType":"ml","type":"earthquake","title":"M -0.5 - 80 km NW of Ninilchik, Alaska"},"geometry":{"type":"Point","coordinates":[-152.783666666667,60.5173333333333,7.2]},"id":"av93779268"},
{"type":"Feature","properties":{"mag":1.31,"place":"5 km SSW of Alberton, Montana","time":1758298420830,"updated":1758312259460,"tz":null,"url":"https://earthquake.usgs.gov/earthquakes/eventpage/mb90112663","detail":"https://earthquake.usgs.gov/earthquakes/feed/v1.0/detail/mb90112663.geojson","felt":null,"cdi":null,"mmi":null,"alert":null,"status":"reviewed","tsunami":0,"sig":26,"net":"mb","code":"90112663","ids":",mb90112663,","sources":",mb,","types":",origin,phase-data,","nst":13,"dmin":0.08415,"rms":0.12,"gap":133,"magType":"ml","type":"earthquake","title":"M 1.3 - 5 km SSW of Alberton, Montana"},"geometry":{"type":"Point","coordinates":[-114.498,46.9545,14.11]},"id":"mb90112663"},
{"type":"Feature","properties":{"mag":4.5,"place":"183 km E of Petropavlovsk-Kamchatsky, Russia","time":1758298292749,"updated":1758301135040,"tz":null,"url":"https://earthquake.usgs.gov/earthquakes/eventpage/us7000qxd0","detail":"https://earthquake.usgs.gov/earthquakes/feed/v1.0/detail/us7000qxd0.geojson","felt":null,"cdi":null,"mmi":null,"alert":null,"status":"reviewed","tsunami":0,"sig":312,"net":"us","code":"7000qxd0","ids":",us7000qxd0,","sources":",us,","types":",origin,phase-data,","nst":21,"dmin":1.64,"rms":0.96,"gap":134,"magType":"mb","type":"earthquake","title":"M 4.5 - 183 km E of Petropavlovsk-Kamchatsky, Russia"},"geometry":{"type":"Point","coordinates":[161.3429,53.2682,10]},"id":"us7000qxd0"},
{"type":"Feature","properties":{"mag":0.84,"place":"25 km N of Spencer, Idaho","time":1758298231760,"updated":1758314877610,"tz":null,"url":"https://earthquake.usgs.gov/earthquakes/eventpage/mb90112678","detail":"https://earthquake.usgs.gov/earthquakes/feed/v1.0/detail/mb90112678.geojson","felt":null,"cdi":null,"mmi":null,"alert":null,"status":"reviewed","tsunami":0,"sig":11,"net":"mb","code":"90112678","ids":",mb90112678,","sources":",mb,","types":",origin,phase-data,","nst":13,"dmin":0.1244,"rms":0.09,"gap":112,"magType":"ml","type":"earthquake","title":"M 0.8 - 25 km N of Spencer, Idaho"},"geometry":{"type":"Point","coordinates":[-112.2205,44.5866666666667,3.97]},"id":"mb90112678"},
{"type":"Feature","properties":{"mag":1.6,"place":"14 km N of Balmorhea, Texas","time":1758298102330,"updated":1758311659617,"tz":null,"url":"https://earthquake.usgs.gov/earthquakes/eventpage/tx2025smiqem","detail":"https://earthquake.usgs.gov/earthquakes/feed/v1.0/detail/tx2025smiqem.geojson","felt":null,"cdi":null,"mmi":null,"alert":null,"status":"reviewed","tsunami":0,"sig":39,"net":"tx","code":"2025smiqem","ids":",tx2025smiqem,","sources":",tx,","types":",origin,phase-data,","nst":19,"dmin":0.1,"rms":0.3,"gap":60,"magType":"ml","type":"earthquake","title":"M 1.6 - 14 km N of Balmorhea, Texas"},"geometry":{"type":"Point","coordinates":[-103.731,31.119,1.6394]},"id":"tx2025smiqem"},
{"type":"Feature","properties":{"mag":0.51,"place":"53 km N of Chignik Lagoon, Alaska","time":1758297955210,"updated":1758299423560,"tz":null,"url":"https://earthquake.usgs.gov/earthquakes/eventpage/av93779253","detail":"https://earthquake.usgs.gov/earthquakes/feed/v1.0/detail/av93779253.geojson","felt":null,"cdi":null,"mmi":null,"alert":null,"status":"reviewed","tsunami":0,"sig":4,"net":"av","code":"93779253","ids":",av93779253,","sources":",av,","types":",origin,phase-data,","nst":5,"dmin":0.09334,"rms":0.09,"gap":313,"magType":"ml","type":"earthquake","title":"M 0.5 - 53 km N of Chignik Lagoon, Alaska"},"geometry":{"type":"Point","coordinates":[-158.451,56.7905,12.69]},"id":"av93779253"},
{"type":"Feature","properties":{"mag":2.29,"place":"6 km WSW of Volcano, Hawaii","time":1758297911660,"updated":1758298086180,"tz":null,"url":"https://earthquake.usgs.gov/earthquakes/eventpage/hv74779662","detail":"https://earthquake.usgs.gov/earthquakes/feed/v1.0/detail/hv74779662.geojson","felt":null,"cdi":null,"mmi":null,"alert":null,"status":"automatic","tsunami":0,"sig":81,"net":"hv","code":"74779662","ids":",hv74779662,","sources":",hv,","types":",origin,phase-data,","nst":23,"dmin":0.005149,"rms":0.189999998,"gap":59,"magType":"ml","type":"earthquake","title":"M 2.3 - 6 km WSW of Volcano, Hawaii"},"geometry":{"type":"Point","coordinates":[-155.282669067383,19.4126663208008,-0.0799999982118607]},"id":"hv74779662"},
{"type":"Feature","properties":{"mag":-0.61,"place":"64 km WNW of Beluga, Alaska","time":1758297889040,"updated":1758316668580,"tz":null,"url":"https://earthquake.usgs.gov/earthquakes/eventpage/av93779248","detail":"https://earthquake.usgs.gov/earthquakes/feed/v1.0/detail/av93779248.geojson","felt":null,"cdi":null,"mmi":null,"alert":null,"status":"reviewed","tsunami":0,"sig":0,"net":"av","code":"93779248","ids":",av93779248,","sources":",av,","types":",origin,phase-data,","nst":7,"dmin":0.05075,"rms":0.1,"gap":144,"magType":"ml","type":"earthquake","title":"M -0.6 - 64 km WNW of Beluga, Alaska"},"geometry":{"type":"Point","coordinates":[-152.236333333333,61.313,2.98]},"id":"av93779248"},
{"type":"Feature","properties":{"mag":0.54,"place":"3 km WNW of Palomar Observatory, CA","time":1758297804900,"updated":1758298009799,"tz":null,"url":"https://earthquake.usgs.gov/earthquakes/eventpage/ci40446234","detail":"https://earthquake.usgs.gov/earthquakes/feed/v1.0/detail/ci40446234.geojson","felt":null,"cdi":null,"mmi":null,"alert":null,"status":"automatic","tsunami":0,"sig":4,"net":"ci","code":"40446234","ids":",ci40446234,","sources":",ci,","types":",nearby-cities,origin,phase-data,scitech-link,","nst":24,"dmin":0.02505,"rms":0.17,"gap":41,"magType":"ml","type":"earthquake","title":"M 0.5 - 3 km WNW of Palomar Observatory, CA"},"geometry":{"type":"Point","coordinates":[-116.891,33.3616667,6.53]},"id":"ci40446234"},
{"type":"Feature","properties":{"mag":1.9,"place":"12 km NW of Point Possession, Alaska","time":1758297585535,"updated":1758297723667,"tz":null,"url":"https://earthquake.usgs.gov/earthquakes/eventpage/ak025c1k367t","detail":"https://earthquake.usgs.gov/earthquakes/feed/v1.0/detail/ak025c1k367t.geojson","felt":null,"cdi":null,"mmi":null,"alert":null,"status":"automatic","tsunami":0,"sig":56,"net":"ak","code":"025c1k367t","ids":",ak025c1k367t,","sources":",ak,","types":",origin,phase-data,","nst":null,"dmin":null,"rms":1.03,"gap":null,"magType":"ml","type":"earthquake","title":"M 1.9 - 12 km NW of Point Possession, Alaska"},"geometry":{"type":"Point","coordinates":[-150.8272,61.0175,44.7]},"id":"ak025c1k367t"},
{"type":"Feature","properties":{"mag":2.04,"place":"55 km SW of Nikolski, Alaska","time":1758296924950,"updated":1758307307100,"tz":null,"url":"https://earthquake.usgs.gov/earthquakes/eventpage/av93779208","detail":"https://earthquake.usgs.gov/earthquakes/feed/v1.0/detail/av93779208.geojson","felt":null,"cdi":null,"mmi":null,"alert":null,"status":"reviewed","tsunami":0,"sig":64,"net":"av","code":"93779208","ids":",av93779208,","sources":",av,","types":",origin,phase-data,","nst":5,"dmin":0.1833,"rms":0.12,"gap":341,"magType":"ml","type":"earthquake","title":"M 2.0 - 55 km SW of Nikolski, Alaska"},"geometry":{"type":"Point","coordinates":[-169.529833333333,52.6461666666667,13.29]},"id":"av93779208"},
{"type":"Feature","properties":{"mag":5.9,"place":"178 km E of Petropavlovsk-Kamchatsky, Russia","time":1758296734839,"updated":1758305515205,"tz":null,"url":"https://earthquake.usgs.gov/earthquakes/eventpage/us7000qxcr","detail":"https://earthquake.usgs.gov/earthquakes/feed/v1.0/detail/us7000qxcr.geojson","felt":null,"cdi":null,"mmi":3.956,"alert":"green","status":"reviewed","tsunami":0,"sig":536,"net":"us","code":"7000qxcr","ids":",us7000qxcr,","sources":",us,","types":",losspager,moment-tensor,origin,phase-data,shakemap,","nst":79,"dmin":1.593,"rms":1.11,"gap":72,"magType":"mww","type":"earthquake","title":"M 5.9 - 178 km E of Petropavlovsk-Kamchatsky, Russia"},"geometry":{"type":"Point","coordinates":[161.2812,52.9359,10]},"id":"us7000qxcr"},
{"type":"Feature","properties":{"mag":0.72,"place":"10 km NW of The Geysers, CA","time":1758296499340,"updated":1758301637728,"tz":null,"url":"https://earthquake.usgs.gov/earthquakes/eventpage/nc75239527","detail":"https://earthquake.usgs.gov/earthquakes/feed/v1.0/detail/nc75239527.geojson","felt":null,"cdi":null,"mmi":null,"alert":null,"status":"automatic","tsunami":0,"sig":8,"net":"nc","code":"75239527","ids":",nc75239527,","sources":",nc,","types":",nearby-cities,origin,phase-data,scitech-link,","nst":7,"dmin":0.00658,"rms":0.01,"gap":156,"magType":"md","type":"earthquake","title":"M 0.7 - 10 km NW of The Geysers, CA"},"geometry":{"type":"Point","coordinates":[-122.852668762207,38.821834564209,2.70000004768372]},"id":"nc75239527"},
{"type":"Feature","properties":{"mag":5.2,"place":"129 km ESE of Petropavlovsk-Kamchatsky, Russia","time":1758296253723,"updated":1758297154040,"tz":null,"url":"https://earthquake.usgs.gov/earthquakes/eventpage/us7000qxcq","detail":"https://earthquake.usgs.gov/earthquakes/feed/v1.0/detail/us7000qxcq.geojson","felt":null,"cdi":null,"mmi":null,"alert":null,"status":"reviewed","tsunami":0,"sig":416,"net":"us","code":"7000qxcq","ids":",us7000qxcq,","sources":",us,","types":",origin,phase-data,","nst":59,"dmin":1.142,"rms":0.69,"gap":123,"magType":"mb","type":"earthquake","title":"M 5.2 - 129 km ESE of Petropavlovsk-Kamchatsky, Russia"},"geometry":{"type":"Point","coordinates":[160.5027,52.8113,35]},"id":"us7000qxcq"},
{"type":"Feature","properties":{"mag":1.4,"place":"28 km WSW of Hawthorne, Nevada","time":1758295994978,"updated":1758329634937,"tz":null,"url":"https://earthquake.usgs.gov/earthquakes/eventpage/nn00904674","detail":"https://earthquake.usgs.gov/earthquakes/feed/v1.0/detail/nn00904674.geojson","felt":null,"cdi":null,"mmi":null,"alert":null,"status":"reviewed","tsunami":0,"sig":30,"net":"nn","code":"00904674","ids":",nn00904674,","sources":",nn,","types":",origin,phase-data,","nst":16,"dmin":0.124,"rms":0.1815,"gap":83.92999999999998,"magType":"ml","type":"earthquake","title":"M 1.4 - 28 km WSW of Hawthorne, Nevada"},"geometry":{"type":"Point","coordinates":[-118.9047,38.3985,8.6]},"id":"nn00904674"},
{"type":"Feature","properties":{"mag":0.82,"place":"2 km SSE of Yorba Linda, CA","time":1758295967280,"updated":1758297840566,"tz":null,"url":"https://earthquake.usgs.gov/earthquakes/eventpage/ci40446226","detail":"https://earthquake.usgs.gov/earthquakes/feed/v1.0/detail/ci40446226.geojson","felt":null,"cdi":null,"mmi":null,"alert":null,"status":"reviewed","tsunami":0,"sig":10,"net":"ci","code":"40446226","ids":",ci40446226,","sources":",ci,","types":",nearby-cities,origin,phase-data,scitech-link,","nst":13,"dmin":0.04879,"rms":0.22,"gap":144,"magType":"ml","type":"earthquake","title":"M 0.8 - 2 km SSE of Yorba Linda, CA"},"geometry":{"type":"Point","coordinates":[-117.807,33.8751667,10.46]},"id":"ci40446226"},
{"type":"Feature","properties":{"mag":0.71,"place":"4 km NNW of The Geysers, CA","time":1758295082890,"updated":1758298336313,"tz":null,"url":"https://earthquake.usgs.gov/earthquakes/eventpage/nc75239512","detail":"https://earthquake.usgs.gov/earthquakes/feed/v1.0/detail/nc75239512.geojson","felt":null,"cdi":null,"mmi":null,"alert":null,"status":"automatic","tsunami":0,"sig":8,"net":"nc","code":"75239512","ids":",nc75239512,","sources":",nc,","types":",nearby-cities,origin,phase-data,scitech-link,","nst":8,"dmin":0.01126,"rms":0.02,"gap":77,"magType":"md","type":"earthquake","title":"M 0.7 - 4 km NNW of The Geysers, CA"},"geometry":{"type":"Point","coordinates":[-122.78150177002,38.8019981384277,3]},"id":"nc75239512"},
{"type":"Feature","properties":{"mag":2.21,"place":"16 km NNW of Stanley, Idaho","time":1758294941010,"updated":1758313662010,"tz":null,"url":"https://earthquake.usgs.gov/earthquakes/eventpage/mb90112638","detail":"https://earthquake.usgs.gov/earthquakes/feed/v1.0/detail/mb90112638.geojson","felt":null,"cdi":null,"mmi":null,"alert":null,"status":"reviewed","tsunami":0,"sig":75,"net":"mb","code":"90112638","ids":",mb90112638,","sources":",mb,","types":",origin,phase-data,","nst":20,"dmin":0.2801,"rms":0.14,"gap":63,"magType":"ml","type":"earthquake","title":"M 2.2 - 16 km NNW of Stanley, Idaho"},"geometry":{"type":"Point","coordinates":[-115.028333333333,44.354,6.36]},"id":"mb90112638"},
{"type":"Feature","properties":{"mag":1.6,"place":"25 km SSE of Minto, Alaska","time":1758294659418,"updated":1758294771010,"tz":null,"url":"https://earthquake.usgs.gov/earthquakes/eventpage/ak025c1jsp79","detail":"https://earthquake.usgs.gov/earthquakes/feed/v1.0/detail/ak025c1jsp79.geojson","felt":null,"cdi":null,"mmi":null,"alert":null,"status":"automatic","tsunami":0,"sig":39,"net":"ak","code":"025c1jsp79","ids":",ak025c1jsp79,","sources":",ak,","types":",origin,phase-data,","nst":null,"dmin":null,"rms":0.15,"gap":null,"magType":"ml","type":"earthquake","title":"M 1.6 - 25 km SSE of Minto, Alaska"},"geometry":{"type":"Point","coordinates":[-149.0702,64.955,18.7]},"id":"ak025c1jsp79"},
{"type":"Feature","properties":{"mag":2.87,"place":"93 km SSW of Alberto Oviedo Mota, B.C., MX","time":1758294561350,"updated":1758315670400,"tz":null,"url":"https://earthquake.usgs.gov/earthquakes/eventpage/ci40446218","detail":"https://earthquake.usgs.gov/earthquakes/feed/v1.0/detail/ci40446218.geojson","felt":null,"cdi":null,"mmi":null,"alert":null,"status":"reviewed","tsunami":0,"sig":127,"net":"ci","code":"40446218","ids":",ci40446218,","sources":",ci,","types":",nearby-cities,origin,phase-data,scitech-link,","nst":11,"dmin":0.4752,"rms":0.12,"gap":166,"magType":"ml","type":"earthquake","title":"M 2.9 - 93 km SSW of Alberto Oviedo Mota, B.C., MX"},"geometry":{"type":"Point","coordinates":[-115.6081667,31.4791667,9.72]},"id":"ci40446218"},
{"type":"Feature","properties":{"mag":1.1,"place":"1 km NNW of Minco, Oklahoma","time":1758294343289,"updated":1758296158790,"tz":null,"url":"https://earthquake.usgs.gov/earthquakes/eventpage/ok2025skae","detail":"https://earthquake.usgs.gov/earthquakes/feed/v1.0/detail/ok2025skae.geojson","felt":null,"cdi":null,"mmi":null,"alert":null,"status":"reviewed","tsunami":0,"sig":19,"net":"ok","code":"2025skae","ids":",ok2025skae,","sources":",ok,","types":",origin,phase-data,","nst":22,"dmin":0.07198587392,"rms":0.1,"gap":186,"magType":"ml","type":"earthquake","title":"M 1.1 - 1 km NNW of Minco, Oklahoma"},"geometry":{"type":"Point","coordinates":[-97.95533333,35.32616667,7.91]},"id":"ok2025skae"},
{"type":"Feature","properties":{"mag":1.7,"place":"37 km W of Four Mile Road, Alaska","time":1758294302605,"updated":1758294445215,"tz":null,"url":"https://earthquake.usgs.gov/earthquakes/eventpage/ak025c1jri8k","detail":"https://earthquake.usgs.gov/earthquakes/feed/v1.0/detail/ak025c1jri8k.geojson","felt":null,"cdi":null,"mmi":null,"alert":null,"status":"automatic","tsunami":0,"sig":44,"net":"ak","code":"025c1jri8k","ids":",ak025c1jri8k,","sources":",ak,","types":",origin,phase-data,","nst":null,"dmin":null,"rms":0.92,"gap":null,"magType":"ml","type":"earthquake","title":"M 1.7 - 37 km W of Four Mile Road, Alaska"},"geometry":{"type":"Point","coordinates":[-149.9054,64.5983,9.4]},"id":"ak025c1jri8k"},
{"type":"Feature","properties":{"mag":0.57,"place":"16 km ESE of Anza, CA","time":1758294141550,"updated":1758294388956,"tz":null,"url":"https://earthquake.usgs.gov/earthquakes/eventpage/ci40446202","detail":"https://earthquake.usgs.gov/earthquakes/feed/v1.0/detail/ci40446202.geojson","felt":null,"cdi":null,"mmi":null,"alert":null,"status":"automatic","tsunami":0,"sig":5,"net":"ci","code":"40446202","ids":",ci40446202,","sources":",ci,","types":",nearby-cities,origin,phase-data,scitech-link,","nst":28,"dmin":0.07047,"rms":0.12,"gap":55,"magType":"ml","type":"earthquake","title":"M 0.6 - 16 km ESE of Anza, CA"},"geometry":{"type":"Point","coordinates":[-116.5186667,33.485,12.26]},"id":"ci40446202"},
{"type":"Feature","properties":{"mag":0.72,"place":"27 km W of Hebgen Lake Estates, Montana","time":1758294139500,"updated":1758296624410,"tz":null,"url":"https://earthquake.usgs.gov/earthquakes/eventpage/mb90112648","detail":"https://earthquake.usgs.gov/earthquakes/feed/v1.0/detail/mb90112648.geojson","felt":null,"cdi":null,"mmi":null,"alert":null,"status":"reviewed","tsunami":0,"sig":8,"net":"mb","code":"90112648","ids":",mb90112648,","sources":",mb,","types":",origin,phase-data,","nst":7,"dmin":0.01728,"rms":0.27,"gap":102,"magType":"ml","type":"earthquake","title":"M 0.7 - 27 km W of Hebgen Lake Estates, Montana"},"geometry":{"type":"Point","coordinates":[-111.537333333333,44.803,11.71]},"id":"mb90112648"},
{"type":"Feature","properties":{"mag":0.3,"place":"26 km W of Hebgen Lake Estates, Montana","time":1758294134460,"updated":1758296940920,"tz":null,"url":"https://earthquake.usgs.gov/earthquakes/eventpage/mb90112653","detail":"https://earthquake.usgs.gov/earthquakes/feed/v1.0/detail/mb90112653.geojson","felt":null,"cdi":null,"mmi":null,"alert":null,"status":"reviewed","tsunami":0,"sig":1,"net":"mb","code":"90112653","ids":",mb90112653,","sources":",mb,","types":",origin,phase-data,","nst":12,"dmin":0.03038,"rms":0.17,"gap":105,"magType":"ml","type":"earthquake","title":"M 0.3 - 26 km W of Hebgen Lake Estates, Montana"},"geometry":{"type":"Point","coordinates":[-111.519333333333,44.8085,13.09]},"id":"mb90112653"},
{"type":"Feature","properties":{"mag":0.06,"place":"38 km NNE of Amboy, Washington","time":1758293899290,"updated":1758306355140,"tz":null,"url":"https://earthquake.usgs.gov/earthquakes/eventpage/uw62191461","detail":"https://earthquake.usgs.gov/earthquakes/feed/v1.0/detail/uw62191461.geojson","felt":null,"cdi":null,"mmi":null,"alert":null,"status":"reviewed","tsunami":0,"sig":0,"net":"uw","code":"62191461","ids":",uw62191461,","sources":",uw,","types":",origin,phase-data,","nst":9,"dmin":0.006774,"rms":0.1,"gap":102,"magType":"md","type":"earthquake","title":"M 0.1 - 38 km NNE of Amboy, Washington"},"geometry":{"type":"Point","coordinates":[-122.176,46.19866666666667,7.49]},"id":"uw62191461"},
{"type":"Feature","properties":{"mag":5.9,"place":"90 km E of Ozernovskiy, Russia","time":1758293729171,"updated":1758302474908,"tz":null,"url":"https://earthquake.usgs.gov/earthquakes/eventpage/us7000qxcd","detail":"https://earthquake.usgs.gov/earthquakes/feed/v1.0/detail/us7000qxcd.geojson","felt":null,"cdi":null,"mmi":4.499,"alert":"green","status":"reviewed","tsunami":0,"sig":536,"net":"us","code":"7000qxcd","ids":",us7000qxcd,","sources":",us,","types":",losspager,moment-tensor,origin,phase-data,shakemap,","nst":62,"dmin":1.688,"rms":0.89,"gap":116,"magType":"mww","type":"earthquake","title":"M 5.9 - 90 km E of Ozernovskiy, Russia"},"geometry":{"type":"Point","coordinates":[157.7944,51.422,84.495]},"id":"us7000qxcd"},
{"type":"Feature","properties":{"mag":0.64,"place":"26 km SSW of Ocotillo Wells, CA","time":1758293672600,"updated":1758293877430,"tz":null,"url":"https://earthquake.usgs.gov/earthquakes/eventpage/ci40446194","detail":"https://earthquake.usgs.gov/earthquakes/feed/v1.0/detail/ci40446194.geojson","felt":null,"cdi":null,"mmi":null,"alert":null,"status":"automatic","tsunami":0,"sig":6,"net":"ci","code":"40446194","ids":",ci40446194,","sources":",ci,","types":",nearby-cities,origin,phase-data,scitech-link,","nst":23,"dmin":0.03683,"rms":0.15,"gap":88,"magType":"ml","type":"earthquake","title":"M 0.6 - 26 km SSW of Ocotillo Wells, CA"},"geometry":{"type":"Point","coordinates":[-116.2625,32.9413333,9]},"id":"ci40446194"},
{"type":"Feature","properties":{"mag":1.9,"place":"62 km ENE of Pedro Bay, Alaska","time":1758293416601,"updated":1758293545678,"tz":null,"url":"https://earthquake.usgs.gov/earthquakes/eventpage/ak025c1jfqxo","detail":"https://earthquake.usgs.gov/earthquakes/feed/v1.0/detail/ak025c1jfqxo.geojson","felt":null,"cdi":null,"mmi":null,"alert":null,"status":"automatic","tsunami":0,"sig":56,"net":"ak","code":"025c1jfqxo","ids":",ak025c1jfqxo,","sources":",ak,","types":",origin,phase-data,","nst":null,"dmin":null,"rms":0.22,"gap":null,"magType":"ml","type":"earthquake","title":"M 1.9 - 62 km ENE of Pedro Bay, Alaska"},"geometry":{"type":"Point","coordinates":[-153.0858,60.0237,124]},"id":"ak025c1jfqxo"},
{"type":"Feature","properties":{"mag":1.42,"place":"2 km N of Minco, Oklahoma","time":1758292379179,"updated":1758295555340,"tz":null,"url":"https://earthquake.usgs.gov/earthquakes/eventpage/ok2025sjzc","detail":"https://earthquake.usgs.gov/earthquakes/feed/v1.0/detail/ok2025sjzc.geojson","felt":null,"cdi":null,"mmi":null,"alert":null,"status":"reviewed","tsunami":0,"sig":31,"net":"ok","code":"2025sjzc","ids":",ok2025sjzc,","sources":",ok,","types":",origin,phase-data,","nst":39,"dmin":0.0602881694,"rms":0.12,"gap":66,"magType":"ml","type":"earthquake","title":"M 1.4 - 2 km N of Minco, Oklahoma"},"geometry":{"type":"Point","coordinates":[-97.94433333,35.33433333,7.66]},"id":"ok2025sjzc"},
{"type":"Feature","properties":{"mag":1.7,"place":"54 km S of Whites City, New Mexico","time":1758291879945,"updated":1758292915714,"tz":null,"url":"https://earthquake.usgs.gov/earthquakes/eventpage/tx2025smfeuw","detail":"https://earthquake.usgs.gov/earthquakes/feed/v1.0/detail/tx2025smfeuw.geojson","felt":null,"cdi":null,"mmi":null,"alert":null,"status":"reviewed","tsunami":0,"sig":44,"net":"tx","code":"2025smfeuw","ids":",tx2025smfeuw,","sources":",tx,","types":",origin,phase-data,","nst":29,"dmin":0,"rms":0.2,"gap":64,"magType":"ml","type":"earthquake","title":"M 1.7 - 54 km S of Whites City, New Mexico"},"geometry":{"type":"Point","coordinates":[-104.436,31.683,6.0999]},"id":"tx2025smfeuw"},
{"type":"Feature","properties":{"mag":5.1,"place":"168 km ESE of Petropavlovsk-Kamchatsky, Russia","time":1758291817509,"updated":1758292905040,"tz":null,"url":"https://earthquake.usgs.gov/earthquakes/eventpage/us7000qxca","detail":"https://earthquake.usgs.gov/earthquakes/feed/v1.0/detail/us7000qxca.geojson","felt":null,"cdi":null,"mmi":null,"alert":null,"status":"reviewed","tsunami":0,"sig":400,"net":"us","code":"7000qxca","ids":",us7000qxca,","sources":",us,","types":",origin,phase-data,","nst":38,"dmin":1.494,"rms":0.84,"gap":154,"magType":"mb","type":"earthquake","title":"M 5.1 - 168 km ESE of Petropavlovsk-Kamchatsky, Russia"},"geometry":{"type":"Point","coordinates":[160.946,52.4905,10]},"id":"us7000qxca"},
{"type":"Feature","properties":{"mag":-0.03,"place":"91 km NNW of Karluk, Alaska","time":1758291758940,"updated":1758308482830,"tz":null,"url":"https://earthquake.usgs.gov/earthquakes/eventpage/av93779038","detail":"https://earthquake.usgs.gov/earthquakes/feed/v1.0/detail/av93779038.geojson","felt":null,"cdi":null,"mmi":null,"alert":null,"status":"reviewed","tsunami":0,"sig":0,"net":"av","code":"93779038","ids":",av93779038,","sources":",av,","types":",origin,phase-data,","nst":8,"dmin":0.01809,"rms":0.22,"gap":178,"magType":"ml","type":"earthquake","title":"M 0.0 - 91 km NNW of Karluk, Alaska"},"geometry":{"type":"Point","coordinates":[-154.773166666667,58.3726666666667,5.12]},"id":"av93779038"},
{"type":"Feature","properties":{"mag":5.1,"place":"169 km ESE of Petropavlovsk-Kamchatsky, Russia","time":1758290871629,"updated":1758291777040,"tz":null,"url":"https://earthquake.usgs.gov/earthquakes/eventpage/us7000qxc8","detail":"https://earthquake.usgs.gov/earthquakes/feed/v1.0/detail/us7000qxc8.geojson","felt":null,"cdi":null,"mmi":null,"alert":null,"status":"reviewed","tsunami":0,"sig":400,"net":"us","code":"7000qxc8","ids":",us7000qxc8,","sources":",us,","types":",origin,phase-data,","nst":46,"dmin":1.499,"rms":1.04,"gap":163,"magType":"mb","type":"earthquake","title":"M 5.1 - 169 km ESE of Petropavlovsk-Kamchatsky, Russia"},"geometry":{"type":"Point","coordinates":[160.9633,52.5029,10]},"id":"us7000qxc8"},
{"type":"Feature","properties":{"mag":1.78,"place":"8 km ENE of Calumet, Oklahoma","time":1758288426570,"updated":1758291976472,"tz":null,"url":"https://earthquake.usgs.gov/earthquakes/eventpage/ok2025sjwy","detail":"https://earthquake.usgs.gov/earthquakes/feed/v1.0/detail/ok2025sjwy.geojson","felt":null,"cdi":null,"mmi":null,"alert":null,"status":"reviewed","tsunami":0,"sig":49,"net":"ok","code":"2025sjwy","ids":",ok2025sjwy,","sources":",ok,","types":",origin,phase-data,","nst":73,"dmin":0.1601685695,"rms":0.18,"gap":39,"magType":"ml","type":"earthquake","title":"M 1.8 - 8 km ENE of Calumet, Oklahoma"},"geometry":{"type":"Point","coordinates":[-98.03333333,35.624,7.59]},"id":"ok2025sjwy"},
{"type":"Feature","properties":{"mag":5.5,"place":"164 km SE of Petropavlovsk-Kamchatsky, Russia","time":1758288424390,"updated":1758297126736,"tz":null,"url":"https://earthquake.usgs.gov/earthquakes/eventpage/us7000qxat","detail":"https://earthquake.usgs.gov/earthquakes/feed/v1.0/detail/us7000qxat.geojson","felt":null,"cdi":null,"mmi":3.572,"alert":"green","status":"reviewed","tsunami":0,"sig":465,"net":"us","code":"7000qxat","ids":",us7000qxat,","sources":",us,","types":",losspager,moment-tensor,origin,phase-data,shakemap,","nst":52,"dmin":1.448,"rms":0.72,"gap":140,"magType":"mww","type":"earthquake","title":"M 5.5 - 164 km SE of Petropavlovsk-Kamchatsky, Russia"},"geometry":{"type":"Point","coordinates":[160.6455,52.2396,10]},"id":"us7000qxat"},
{"type":"Feature","properties":{"mag":4.7,"place":"37 km W of Panguna, Papua New Guinea","time":1758288269681,"updated":1758290050040,"tz":null,"url":"https://earthquake.usgs.gov/earthquakes/eventpage/us7000qxas","detail":"https://earthquake.usgs.gov/earthquakes/feed/v1.0/detail/us7000qxas.geojson","felt":null,"cdi":null,"mmi":null,"alert":null,"status":"reviewed","tsunami":0,"sig":340,"net":"us","code":"7000qxas","ids":",us7000qxas,","sources":",us,","types":",origin,phase-data,","nst":42,"dmin":3.669,"rms":0.52,"gap":96,"magType":"mb","type":"earthquake","title":"M 4.7 - 37 km W of Panguna, Papua New Guinea"},"geometry":{"type":"Point","coordinates":[155.1454,-6.3615,149.469]},"id":"us7000qxas"},
{"type":"Feature","properties":{"mag":-0.79,"place":"63 km ENE of Pedro Bay, Alaska","time":1758288196260,"updated":1758302258700,"tz":null,"url":"https://earthquake.usgs.gov/earthquakes/eventpage/av93778933","detail":"https://earthquake.usgs.gov/earthquakes/feed/v1.0/detail/av93778933.geojson","felt":null,"cdi":null,"mmi":null,"alert":null,"status":"reviewed","tsunami":0,"sig":0,"net":"av","code":"93778933","ids":",av93778933,","sources":",av,","types":",origin,phase-data,","nst":5,"dmin":0.01582,"rms":0.13,"gap":113,"magType":"ml","type":"earthquake","title":"M -0.8 - 63 km ENE of Pedro Bay, Alaska"},"geometry":{"type":"Point","coordinates":[-153.087666666667,60.0471666666667,-2.36]},"id":"av93778933"},
{"type":"Feature","properties":{"mag":0.31,"place":"10 km SE of Winchester, CA","time":1758288133300,"updated":1758288345783,"tz":null,"url":"https://earthquake.usgs.gov/earthquakes/eventpage/ci40446178","detail":"https://earthquake.usgs.gov/earthquakes/feed/v1.0/detail/ci40446178.geojson","felt":null,"cdi":null,"mmi":null,"alert":null,"status":"automatic","tsunami":0,"sig":1,"net":"ci","code":"40446178","ids":",ci40446178,","sources":",ci,","types":",nearby-cities,origin,phase-data,scitech-link,","nst":13,"dmin":0.004219,"rms":0.09,"gap":132,"magType":"ml","type":"earthquake","title":"M 0.3 - 10 km SE of Winchester, CA"},"geometry":{"type":"Point","coordinates":[-117.0086667,33.6458333,12.13]},"id":"ci40446178"},
{"type":"Feature","properties":{"mag":1.4,"place":"2 km N of Minco, Oklahoma","time":1758287933289,"updated":1758300532088,"tz":null,"url":"https://earthquake.usgs.gov/earthquakes/eventpage/ok2025sjwq","detail":"https://earthquake.usgs.gov/earthquakes/feed/v1.0/detail/ok2025sjwq.geojson","felt":null,"cdi":null,"mmi":null,"alert":null,"status":"reviewed","tsunami":0,"sig":30,"net":"ok","code":"2025sjwq","ids":",ok2025sjwq,","sources":",ok,","types":",origin,phase-data,","nst":87,"dmin":0.05758869913,"rms":0.19,"gap":56,"magType":"ml","type":"earthquake","title":"M 1.4 - 2 km N of Minco, Oklahoma"},"geometry":{"type":"Point","coordinates":[-97.93916667,35.3355,6.57]},"id":"ok2025sjwq"},
{"type":"Feature","properties":{"mag":4.5,"place":"167 km E of Petropavlovsk-Kamchatsky, Russia","time":1758287165427,"updated":1758288670040,"tz":null,"url":"https://earthquake.usgs.gov/earthquakes/eventpage/us7000qxan","detail":"https://earthquake.usgs.gov/earthquakes/feed/v1.0/detail/us7000qxan.geojson","felt":null,"cdi":null,"mmi":null,"alert":null,"status":"reviewed","tsunami":0,"sig":312,"net":"us","code":"7000qxan","ids":",us7000qxan,","sources":",us,","types":",origin,phase-data,","nst":31,"dmin":1.499,"rms":0.82,"gap":180,"magType":"mb","type":"earthquake","title":"M 4.5 - 167 km E of Petropavlovsk-Kamchatsky, Russia"},"geometry":{"type":"Point","coordinates":[161.1302,53.0083,10]},"id":"us7000qxan"},
{"type":"Feature","properties":{"mag":3.4,"place":"58 km NE of Valmy, Nevada","time":1758287126737,"updated":1758339430022,"tz":null,"url":"https://earthquake.usgs.gov/earthquakes/eventpage/nn00904659","detail":"https://earthquake.usgs.gov/earthquakes/feed/v1.0/detail/nn00904659.geojson","felt":1,"cdi":3.1,"mmi":null,"alert":null,"status":"reviewed","tsunami":0,"sig":178,"net":"nn","code":"00904659","ids":",nn00904659,","sources":",nn,","types":",dyfi,moment-tensor,origin,phase-data,","nst":14,"dmin":0.27,"rms":0.1813,"gap":142.88,"magType":"mw","type":"earthquake","title":"M 3.4 - 58 km NE of Valmy, Nevada"},"geometry":{"type":"Point","coordinates":[-116.6577,41.1828,8.9]},"id":"nn00904659"},
{"type":"Feature","properties":{"mag":0.72,"place":"19 km ESE of Anza, CA","time":1758287076950,"updated":1758287286354,"tz":null,"url":"https://earthquake.usgs.gov/earthquakes/eventpage/ci40446170","detail":"https://earthquake.usgs.gov/earthquakes/feed/v1.0/detail/ci40446170.geojson","felt":null,"cdi":null,"mmi":null,"alert":null,"status":"automatic","tsunami":0,"sig":8,"net":"ci","code":"40446170","ids":",ci40446170,","sources":",ci,","types":",nearby-cities,origin,phase-data,scitech-link,","nst":36,"dmin":0.09911,"rms":0.14,"gap":62,"magType":"ml","type":"earthquake","title":"M 0.7 - 19 km ESE of Anza, CA"},"geometry":{"type":"Point","coordinates":[-116.4838333,33.4885,13.48]},"id":"ci40446170"},
{"type":"Feature","properties":{"mag":1.9,"place":"9 km ESE of Pearsall, Texas","time":1758287067382,"updated":1758293698802,"tz":null,"url":"https://earthquake.usgs.gov/earthquakes/eventpage/tx2025smcnsz","detail":"https://earthquake.usgs.gov/earthquakes/feed/v1.0/detail/tx2025smcnsz.geojson","felt":null,"cdi":null,"mmi":null,"alert":null,"status":"reviewed","tsunami":0,"sig":56,"net":"tx","code":"2025smcnsz","ids":",tx2025smcnsz,","sources":",tx,","types":",origin,phase-data,","nst":18,"dmin":0.1,"rms":0.4,"gap":82,"magType":"ml","type":"earthquake","title":"M 1.9 - 9 km ESE of Pearsall, Texas"},"geometry":{"type":"Point","coordinates":[-99.009,28.845,3.7716]},"id":"tx2025smcnsz"},
{"type":"Feature","properties":{"mag":0.09,"place":"26 km W of Hebgen Lake Estates, Montana","time":1758286992170,"updated":1758322863420,"tz":null,"url":"https://earthquake.usgs.gov/earthquakes/eventpage/mb90112698","detail":"https://earthquake.usgs.gov/earthquakes/feed/v1.0/detail/mb90112698.geojson","felt":null,"cdi":null,"mmi":null,"alert":null,"status":"reviewed","tsunami":0,"sig":0,"net":"mb","code":"90112698","ids":",mb90112698,","sources":",mb,","types":",origin,phase-data,","nst":9,"dmin":0.03165,"rms":0.2,"gap":100,"magType":"ml","type":"earthquake","title":"M 0.1 - 26 km W of Hebgen Lake Estates, Montana"},"geometry":{"type":"Point","coordinates":[-111.517166666667,44.8023333333333,11.39]},"id":"mb90112698"},
{"type":"Feature","properties":{"mag":0.9,"place":"3 km SSE of Mentone, CA","time":1758286281270,"updated":1758286486135,"tz":null,"url":"https://earthquake.usgs.gov/earthquakes/eventpage/ci40446162","detail":"https://earthquake.usgs.gov/earthquakes/feed/v1.0/detail/ci40446162.geojson","felt":null,"cdi":null,"mmi":null,"alert":null,"status":"automatic","tsunami":0,"sig":12,"net":"ci","code":"40446162","ids":",ci40446162,","sources":",ci,","types":",nearby-cities,origin,phase-data,scitech-link,","nst":50,"dmin":0.0113,"rms":0.16,"gap":41,"magType":"ml","type":"earthquake","title":"M 0.9 - 3 km SSE of Mentone, CA"},"geometry":{"type":"Point","coordinates":[-117.1245,34.0406667,8.24]},"id":"ci40446162"},
{"type":"Feature","properties":{"mag":1.47,"place":"8 km W of Fillmore, CA","time":1758285968450,"updated":1758311114536,"tz":null,"url":"https://earthquake.usgs.gov/earthquakes/eventpage/ci40446154","detail":"https://earthquake.usgs.gov/earthquakes/feed/v1.0/detail/ci40446154.geojson","felt":1,"cdi":2.7,"mmi":null,"alert":null,"status":"reviewed","tsunami":0,"sig":34,"net":"ci","code":"40446154","ids":",ci40446154,","sources":",ci,","types":",dyfi,nearby-cities,origin,phase-data,scitech-link,","nst":29,"dmin":0.06847,"rms":0.29,"gap":37,"magType":"ml","type":"earthquake","title":"M 1.5 - 8 km W of Fillmore, CA"},"geometry":{"type":"Point","coordinates":[-119.0036667,34.4111667,9.49]},"id":"ci40446154"},
{"type":"Feature","properties":{"mag":1.45,"place":"2 km NW of The Geysers, CA","time":1758285775290,"updated":1758293540726,"tz":null,"url":"https://earthquake.usgs.gov/earthquakes/eventpage/nc75239487","detail":"https://earthquake.usgs.gov/earthquakes/feed/v1.0/detail/nc75239487.geojson","felt":null,"cdi":null,"mmi":null,"alert":null,"status":"automatic","tsunami":0,"sig":32,"net":"nc","code":"75239487","ids":",nc75239487,","sources":",nc,","types":",nearby-cities,origin,phase-data,scitech-link,","nst":20,"dmin":0.01507,"rms":0.04,"gap":102,"magType":"md","type":"earthquake","title":"M 1.5 - 2 km NW of The Geysers, CA"},"geometry":{"type":"Point","coordinates":[-122.770332336426,38.7869987487793,1.45000004768372]},"id":"nc75239487"},
{"type":"Feature","properties":{"mag":4.5,"place":"136 km ESE of Petropavlovsk-Kamchatsky, Russia","time":1758285649865,"updated":1758286877040,"tz":null,"url":"https://earthquake.usgs.gov/earthquakes/eventpage/us7000qxaj","detail":"https://earthquake.usgs.gov/earthquakes/feed/v1.0/detail/us7000qxaj.geojson","felt":null,"cdi":null,"mmi":null,"alert":null,"status":"reviewed","tsunami":0,"sig":312,"net":"us","code":"7000qxaj","ids":",us7000qxaj,","sources":",us,","types":",origin,phase-data,","nst":106,"dmin":1.2,"rms":0.51,"gap":133,"magType":"mb","type":"earthquake","title":"M 4.5 - 136 km ESE of Petropavlovsk-Kamchatsky, Russia"},"geometry":{"type":"Point","coordinates":[160.5576,52.702,10]},"id":"us7000qxaj"},
{"type":"Feature","properties":{"mag":3.2,"place":"60 km NE of Valmy, Nevada","time":1758285408973,"updated":1758290701594,"tz":null,"url":"https://earthquake.usgs.gov/earthquakes/eventpage/nn00904652","detail":"https://earthquake.usgs.gov/earthquakes/feed/v1.0/detail/nn00904652.geojson","felt":null,"cdi":null,"mmi":null,"alert":null,"status":"reviewed","tsunami":0,"sig":158,"net":"nn","code":"00904652","ids":",nn00904652,","sources":",nn,","types":",origin,phase-data,","nst":15,"dmin":0.291,"rms":0.1455,"gap":144.04999999999995,"magType":"ml","type":"earthquake","title":"M 3.2 - 60 km NE of Valmy, Nevada"},"geometry":{"type":"Point","coordinates":[-116.6661,41.2074,7.6]},"id":"nn00904652"},
{"type":"Feature","properties":{"mag":4.4,"place":"130 km ESE of Petropavlovsk-Kamchatsky, Russia","time":1758285118436,"updated":1758286233040,"tz":null,"url":"https://earthquake.usgs.gov/earthquakes/eventpage/us7000qxai","detail":"https://earthquake.usgs.gov/earthquakes/feed/v1.0/detail/us7000qxai.geojson","felt":null,"cdi":null,"mmi":null,"alert":null,"status":"reviewed","tsunami":0,"sig":298,"net":"us","code":"7000qxai","ids":",us7000qxai,","sources":",us,","types":",origin,phase-data,","nst":64,"dmin":1.151,"rms":0.56,"gap":170,"magType":"mb","type":"earthquake","title":"M 4.4 - 130 km ESE of Petropavlovsk-Kamchatsky, Russia"},"geometry":{"type":"Point","coordinates":[160.4695,52.6972,31.859]},"id":"us7000qxai"},
{"type":"Feature","properties":{"mag":2.1,"place":"71 km SSW of Harding-Birch Lakes, Alaska","time":1758284885115,"updated":1758284984102,"tz":null,"url":"https://earthquake.usgs.gov/earthquakes/eventpage/ak025c1i4533","detail":"https://earthquake.usgs.gov/earthquakes/feed/v1.0/detail/ak025c1i4533.geojson","felt":null,"cdi":null,"mmi":null,"alert":null,"status":"automatic","tsunami":0,"sig":68,"net":"ak","code":"025c1i4533","ids":",ak025c1i4533,","sources":",ak,","types":",origin,phase-data,","nst":null,"dmin":null,"rms":0.31,"gap":null,"magType":"ml","type":"earthquake","title":"M 2.1 - 71 km SSW of Harding-Birch Lakes, Alaska"},"geometry":{"type":"Point","coordinates":[-147.0916,63.7662,7.3]},"id":"ak025c1i4533"},
{"type":"Feature","properties":{"mag":0.36,"place":"46 km W of Tyonek, Alaska","time":1758284777250,"updated":1758315286830,"tz":null,"url":"https://earthquake.usgs.gov/earthquakes/eventpage/av93778788","detail":"https://earthquake.usgs.gov/earthquakes/feed/v1.0/detail/av93778788.geojson","felt":null,"cdi":null,"mmi":null,"alert":null,"status":"reviewed","tsunami":0,"sig":2,"net":"av","code":"93778788","ids":",av93778788,","sources":",av,","types":",origin,phase-data,","nst":10,"dmin":0.1319,"rms":0.08,"gap":300,"magType":"ml","type":"earthquake","title":"M 0.4 - 46 km W of Tyonek, Alaska"},"geometry":{"type":"Point","coordinates":[-151.989833333333,61.0536666666667,12.53]},"id":"av93778788"},
{"type":"Feature","properties":{"mag":5,"place":"137 km ESE of Petropavlovsk-Kamchatsky, Russia","time":1758284697869,"updated":1758285859040,"tz":null,"url":"https://earthquake.usgs.gov/earthquakes/eventpage/us7000qxaf","detail":"https://earthquake.usgs.gov/earthquakes/feed/v1.0/detail/us7000qxaf.geojson","felt":null,"cdi":null,"mmi":null,"alert":null,"status":"reviewed","tsunami":0,"sig":385,"net":"us","code":"7000qxaf","ids":",us7000qxaf,","sources":",us,","types":",origin,phase-data,","nst":143,"dmin":1.217,"rms":0.65,"gap":113,"magType":"mb","type":"earthquake","title":"M 5.0 - 137 km ESE of Petropavlovsk-Kamchatsky, Russia"},"geometry":{"type":"Point","coordinates":[160.5993,52.7301,30.891]},"id":"us7000qxaf"},
{"type":"Feature","properties":{"mag":0.99,"place":"2 km WSW of Cobb, CA","time":1758284632010,"updated":1758287240981,"tz":null,"url":"https://earthquake.usgs.gov/earthquakes/eventpage/nc75239477","detail":"https://earthquake.usgs.gov/earthquakes/feed/v1.0/detail/nc75239477.geojson","felt":null,"cdi":null,"mmi":null,"alert":null,"status":"automatic","tsunami":0,"sig":15,"net":"nc","code":"75239477","ids":",nc75239477,","sources":",nc,","types":",nearby-cities,origin,phase-data,scitech-link,","nst":8,"dmin":0.01844,"rms":0.02,"gap":134,"magType":"md","type":"earthquake","title":"M 1.0 - 2 km WSW of Cobb, CA"},"geometry":{"type":"Point","coordinates":[-122.740333557129,38.811164855957,1.27999997138977]},"id":"nc75239477"},
{"type":"Feature","properties":{"mag":1.22,"place":"3 km NE of The Geysers, CA","time":1758284551640,"updated":1758287539982,"tz":null,"url":"https://earthquake.usgs.gov/earthquakes/eventpage/nc75239467","detail":"https://earthquake.usgs.gov/earthquakes/feed/v1.0/detail/nc75239467.geojson","felt":null,"cdi":null,"mmi":null,"alert":null,"status":"automatic","tsunami":0,"sig":23,"net":"nc","code":"75239467","ids":",nc75239467,","sources":",nc,","types":",nearby-cities,origin,phase-data,scitech-link,","nst":14,"dmin":0.01151,"rms":0.03,"gap":101,"magType":"md","type":"earthquake","title":"M 1.2 - 3 km NE of The Geysers, CA"},"geometry":{"type":"Point","coordinates":[-122.734832763672,38.7946662902832,1.4099999666214]},"id":"nc75239467"},
{"type":"Feature","properties":{"mag":2.52,"place":"2 km SW of Cobb, CA","time":1758284515350,"updated":1758326374695,"tz":null,"url":"https://earthquake.usgs.gov/earthquakes/eventpage/nc75239462","detail":"https://earthquake.usgs.gov/earthquakes/feed/v1.0/detail/nc75239462.geojson","felt":5,"cdi":2.7,"mmi":null,"alert":null,"status":"automatic","tsunami":0,"sig":99,"net":"nc","code":"75239462","ids":",nc75239462,","sources":",nc,","types":",dyfi,focal-mechanism,nearby-cities,origin,phase-data,scitech-link,","nst":57,"dmin":0.01967,"rms":0.07,"gap":109,"magType":"md","type":"earthquake","title":"M 2.5 - 2 km SW of Cobb, CA"},"geometry":{"type":"Point","coordinates":[-122.734169006348,38.8028335571289,1.72000002861023]},"id":"nc75239462"},
{"type":"Feature","properties":{"mag":0.89,"place":"27 km W of Hebgen Lake Estates, Montana","time":1758284388620,"updated":1758288634640,"tz":null,"url":"https://earthquake.usgs.gov/earthquakes/eventpage/mb90112618","detail":"https://earthquake.usgs.gov/earthquakes/feed/v1.0/detail/mb90112618.geojson","felt":null,"cdi":null,"mmi":null,"alert":null,"status":"reviewed","tsunami":0,"sig":12,"net":"mb","code":"90112618","ids":",mb90112618,","sources":",mb,","types":",origin,phase-data,","nst":15,"dmin":0.02476,"rms":0.21,"gap":107,"magType":"ml","type":"earthquake","title":"M 0.9 - 27 km W of Hebgen Lake Estates, Montana"},"geometry":{"type":"Point","coordinates":[-111.527666666667,44.8096666666667,11.92]},"id":"mb90112618"},
{"type":"Feature","properties":{"mag":2,"place":"57 km NE of Valmy, Nevada","time":1758283925713,"updated":1758312180898,"tz":null,"url":"https://earthquake.usgs.gov/earthquakes/eventpage/nn00904692","detail":"https://earthquake.usgs.gov/earthquakes/feed/v1.0/detail/nn00904692.geojson","felt":null,"cdi":null,"mmi":null,"alert":null,"status":"reviewed","tsunami":0,"sig":62,"net":"nn","code":"00904692","ids":",nn00904692,","sources":",nn,","types":",origin,phase-data,","nst":7,"dmin":0.278,"rms":0.1112,"gap":253.26000000000002,"magType":"ml","type":"earthquake","title":"M 2.0 - 57 km NE of Valmy, Nevada"},"geometry":{"type":"Point","coordinates":[-116.6731,41.1828,6.6]},"id":"nn00904692"},
{"type":"Feature","properties":{"mag":-0.26,"place":"38 km NNE of Amboy, Washington","time":1758283923230,"updated":1758305836410,"tz":null,"url":"https://earthquake.usgs.gov/earthquakes/eventpage/uw62191411","detail":"https://earthquake.usgs.gov/earthquakes/feed/v1.0/detail/uw62191411.geojson","felt":null,"cdi":null,"mmi":null,"alert":null,"status":"reviewed","tsunami":0,"sig":0,"net":"uw","code":"62191411","ids":",uw62191411,","sources":",uw,","types":",origin,phase-data,","nst":7,"dmin":0.004836,"rms":0.04,"gap":116,"magType":"md","type":"earthquake","title":"M -0.3 - 38 km NNE of Amboy, Washington"},"geometry":{"type":"Point","coordinates":[-122.18816666666666,46.20466666666667,6.07]},"id":"uw62191411"},
{"type":"Feature","properties":{"mag":3.2,"place":"58 km NE of Valmy, Nevada","time":1758283721172,"updated":1758339253839,"tz":null,"url":"https://earthquake.usgs.gov/earthquakes/eventpage/nn00904681","detail":"https://earthquake.usgs.gov/earthquakes/feed/v1.0/detail/nn00904681.geojson","felt":1,"cdi":3.1,"mmi":null,"alert":null,"status":"reviewed","tsunami":0,"sig":158,"net":"nn","code":"00904681","ids":",nn00904681,","sources":",nn,","types":",dyfi,origin,phase-data,","nst":13,"dmin":0.292,"rms":0.1325,"gap":142.87,"magType":"ml","type":"earthquake","title":"M 3.2 - 58 km NE of Valmy, Nevada"},"geometry":{"type":"Point","coordinates":[-116.6822,41.1947,6.9]},"id":"nn00904681"},
{"type":"Feature","properties":{"mag":2.3,"place":"57 km NE of Valmy, Nevada","time":1758283682608,"updated":1758300420573,"tz":null,"url":"https://earthquake.usgs.gov/earthquakes/eventpage/nn00904682","detail":"https://earthquake.usgs.gov/earthquakes/feed/v1.0/detail/nn00904682.geojson","felt":null,"cdi":null,"mmi":null,"alert":null,"status":"reviewed","tsunami":0,"sig":81,"net":"nn","code":"00904682","ids":",nn00904682,","sources":",nn,","types":",origin,phase-data,","nst":7,"dmin":0.27,"rms":0.1536,"gap":252.73,"magType":"ml","type":"earthquake","title":"M 2.3 - 57 km NE of Valmy, Nevada"},"geometry":{"type":"Point","coordinates":[-116.666,41.1754,8]},"id":"nn00904682"},
{"type":"Feature","properties":{"mag":1.11,"place":"12 km WSW of Saint Charles, Idaho","time":1758283536830,"updated":1758291805570,"tz":null,"url":"https://earthquake.usgs.gov/earthquakes/eventpage/uu80117701","detail":"https://earthquake.usgs.gov/earthquakes/feed/v1.0/detail/uu80117701.geojson","felt":null,"cdi":null,"mmi":null,"alert":null,"status":"reviewed","tsunami":0,"sig":19,"net":"uu","code":"80117701","ids":",uu80117701,","sources":",uu,","types":",origin,phase-data,","nst":15,"dmin":0.1821,"rms":0.12,"gap":169,"magType":"md","type":"earthquake","title":"M 1.1 - 12 km WSW of Saint Charles, Idaho"},"geometry":{"type":"Point","coordinates":[-111.540666666667,42.0905,3.23]},"id":"uu80117701"},
{"type":"Feature","properties":{"mag":1.05,"place":"1 km NNW of The Geysers, CA","time":1758283187000,"updated":1758285139711,"tz":null,"url":"https://earthquake.usgs.gov/earthquakes/eventpage/nc75239457","detail":"https://earthquake.usgs.gov/earthquakes/feed/v1.0/detail/nc75239457.geojson","felt":null,"cdi":null,"mmi":null,"alert":null,"status":"automatic","tsunami":0,"sig":17,"net":"nc","code":"75239457","ids":",nc75239457,","sources":",nc,","types":",nearby-cities,origin,phase-data,scitech-link,","nst":15,"dmin":0.01392,"rms":0.03,"gap":69,"magType":"md","type":"earthquake","title":"M 1.1 - 1 km NNW of The Geysers, CA"},"geometry":{"type":"Point","coordinates":[-122.763496398926,38.7869987487793,0.699999988079071]},"id":"nc75239457"},
{"type":"Feature","properties":{"mag":2.5,"place":"21 km NE of Chiniak, Alaska","time":1758283147402,"updated":1758283304948,"tz":null,"url":"https://earthquake.usgs.gov/earthquakes/eventpage/ak025c1hpcus","detail":"https://earthquake.usgs.gov/earthquakes/feed/v1.0/detail/ak025c1hpcus.geojson","felt":null,"cdi":null,"mmi":null,"alert":null,"status":"automatic","tsunami":0,"sig":96,"net":"ak","code":"025c1hpcus","ids":",ak025c1hpcus,","sources":",ak,","types":",origin,phase-data,","nst":null,"dmin":null,"rms":0.95,"gap":null,"magType":"ml","type":"earthquake","title":"M 2.5 - 21 km NE of Chiniak, Alaska"},"geometry":{"type":"Point","coordinates":[-152.0121,57.7416,49.5]},"id":"ak025c1hpcus"},
{"type":"Feature","properties":{"mag":4.6,"place":"south of Africa","time":1758282816132,"updated":1758284751040,"tz":null,"url":"https://earthquake.usgs.gov/earthquakes/eventpage/us7000qxaa","detail":"https://earthquake.usgs.gov/earthquakes/feed/v1.0/detail/us7000qxaa.geojson","felt":null,"cdi":null,"mmi":null,"alert":null,"status":"reviewed","tsunami":0,"sig":326,"net":"us","code":"7000qxaa","ids":",us7000qxaa,","sources":",us,","types":",origin,phase-data,","nst":25,"dmin":20.535,"rms":0.53,"gap":89,"magType":"mb","type":"earthquake","title":"M 4.6 - south of Africa"},"geometry":{"type":"Point","coordinates":[22.1125,-52.9052,10]},"id":"us7000qxaa"},
{"type":"Feature","properties":{"mag":-0.1,"place":"47 km ESE of Beatty, Nevada","time":1758282473970,"updated":1758327615112,"tz":null,"url":"https://earthquake.usgs.gov/earthquakes/eventpage/nn00904649","detail":"https://earthquake.usgs.gov/earthquakes/feed/v1.0/detail/nn00904649.geojson","felt":null,"cdi":null,"mmi":null,"alert":null,"status":"reviewed","tsunami":0,"sig":0,"net":"nn","code":"00904649","ids":",nn00904649,","sources":",nn,","types":",origin,phase-data,","nst":26,"dmin":0.034,"rms":0.0894,"gap":60.68000000000001,"magType":"ml","type":"earthquake","title":"M -0.1 - 47 km ESE of Beatty, Nevada"},"geometry":{"type":"Point","coordinates":[-116.2559,36.7698,9.4]},"id":"nn00904649"},
{"type":"Feature","properties":{"mag":5,"place":"161 km ESE of Petropavlovsk-Kamchatsky, Russia","time":1758281583613,"updated":1758282756040,"tz":null,"url":"https://earthquake.usgs.gov/earthquakes/eventpage/us7000qxa1","detail":"https://earthquake.usgs.gov/earthquakes/feed/v1.0/detail/us7000qxa1.geojson","felt":null,"cdi":null,"mmi":null,"alert":null,"status":"reviewed","tsunami":0,"sig":385,"net":"us","code":"7000qxa1","ids":",us7000qxa1,","sources":",us,","types":",origin,phase-data,","nst":98,"dmin":1.433,"rms":0.88,"gap":125,"magType":"mb","type":"earthquake","title":"M 5.0 - 161 km ESE of Petropavlovsk-Kamchatsky, Russia"},"geometry":{"type":"Point","coordinates":[160.9214,52.63,21.488]},"id":"us7000qxa1"},
{"type":"Feature","properties":{"mag":3.18,"place":"52 km N of Culebra, Puerto Rico","time":1758281489620,"updated":1758285257430,"tz":null,"url":"https://earthquake.usgs.gov/earthquakes/eventpage/pr71495993","detail":"https://earthquake.usgs.gov/earthquakes/feed/v1.0/detail/pr71495993.geojson","felt":null,"cdi":null,"mmi":null,"alert":null,"status":"reviewed","tsunami":0,"sig":156,"net":"pr","code":"71495993","ids":",pr71495993,","sources":",pr,","types":",origin,phase-data,","nst":15,"dmin":0.6205,"rms":0.15,"gap":211,"magType":"md","type":"earthquake","title":"M 3.2 - 52 km N of Culebra, Puerto Rico"},"geometry":{"type":"Point","coordinates":[-65.3583333333333,18.7718333333333,34.79]},"id":"pr71495993"},
{"type":"Feature","properties":{"mag":0.79,"place":"7 km NNW of Verlot, Washington","time":1758281289600,"updated":1758305610440,"tz":null,"url":"https://earthquake.usgs.gov/earthquakes/eventpage/uw62191401","detail":"https://earthquake.usgs.gov/earthquakes/feed/v1.0/detail/uw62191401.geojson","felt":null,"cdi":null,"mmi":null,"alert":null,"status":"reviewed","tsunami":0,"sig":10,"net":"uw","code":"62191401","ids":",uw62191401,","sources":",uw,","types":",origin,phase-data,","nst":7,"dmin":0.09311,"rms":0.09,"gap":124,"magType":"md","type":"earthquake","title":"M 0.8 - 7 km NNW of Verlot, Washington"},"geometry":{"type":"Point","coordinates":[-121.80516666666666,48.151,2.6]},"id":"uw62191401"},
{"type":"Feature","properties":{"mag":1.7,"place":"55 km S of Whites City, New Mexico","time":1758281275073,"updated":1758284728642,"tz":null,"url":"https://earthquake.usgs.gov/earthquakes/eventpage/tx2025slzinb","detail":"https://earthquake.usgs.gov/earthquakes/feed/v1.0/detail/tx2025slzinb.geojson","felt":null,"cdi":null,"mmi":null,"alert":null,"status":"reviewed","tsunami":0,"sig":44,"net":"tx","code":"2025slzinb","ids":",tx2025slzinb,","sources":",tx,","types":",origin,phase-data,","nst":23,"dmin":0,"rms":0.2,"gap":78,"magType":"ml","type":"earthquake","title":"M 1.7 - 55 km S of Whites City, New Mexico"},"geometry":{"type":"Point","coordinates":[-104.468,31.68,6.6382]},"id":"tx2025slzinb"},
{"type":"Feature","properties":{"mag":1.6,"place":"59 km NE of Valmy, Nevada","time":1758281122458,"updated":1758311445257,"tz":null,"url":"https://earthquake.usgs.gov/earthquakes/eventpage/nn00904691","detail":"https://earthquake.usgs.gov/earthquakes/feed/v1.0/detail/nn00904691.geojson","felt":null,"cdi":null,"mmi":null,"alert":null,"status":"reviewed","tsunami":0,"sig":39,"net":"nn","code":"00904691","ids":",nn00904691,","sources":",nn,","types":",origin,phase-data,","nst":7,"dmin":0.275,"rms":0.1426,"gap":253.86999999999998,"magType":"ml","type":"earthquake","title":"M 1.6 - 59 km NE of Valmy, Nevada"},"geometry":{"type":"Point","coordinates":[-116.6536,41.1937,7.2]},"id":"nn00904691"},
{"type":"Feature","properties":{"mag":5.1,"place":"135 km E of Petropavlovsk-Kamchatsky, Russia","time":1758281106551,"updated":1758282191040,"tz":null,"url":"https://earthquake.usgs.gov/earthquakes/eventpage/us7000qx9y","detail":"https://earthquake.usgs.gov/earthquakes/feed/v1.0/detail/us7000qx9y.geojson","felt":null,"cdi":null,"mmi":null,"alert":null,"status":"reviewed","tsunami":0,"sig":400,"net":"us","code":"7000qx9y","ids":",us7000qx9y,","sources":",us,","types":",origin,phase-data,","nst":100,"dmin":1.197,"rms":0.93,"gap":124,"magType":"mb","type":"earthquake","title":"M 5.1 - 135 km E of Petropavlovsk-Kamchatsky, Russia"},"geometry":{"type":"Point","coordinates":[160.6135,52.8746,32.772]},"id":"us7000qx9y"},
{"type":"Feature","properties":{"mag":4.9,"place":"158 km ESE of Petropavlovsk-Kamchatsky, Russia","time":1758279663657,"updated":1758280804040,"tz":null,"url":"https://earthquake.usgs.gov/earthquakes/eventpage/us7000qx9v","detail":"https://earthquake.usgs.gov/earthquakes/feed/v1.0/detail/us7000qx9v.geojson","felt":null,"cdi":null,"mmi":null,"alert":null,"status":"reviewed","tsunami":0,"sig":369,"net":"us","code":"7000qx9v","ids":",us7000qx9v,","sources":",us,","types":",origin,phase-data,","nst":116,"dmin":1.406,"rms":0.79,"gap":164,"magType":"mb","type":"earthquake","title":"M 4.9 - 158 km ESE of Petropavlovsk-Kamchatsky, Russia"},"geometry":{"type":"Point","coordinates":[160.9378,52.7831,16.651]},"id":"us7000qx9v"},
{"type":"Feature","properties":{"mag":1.4,"place":"14 km NE of Hermleigh, Texas","time":1758279186976,"updated":1758284703640,"tz":null,"url":"https://earthquake.usgs.gov/earthquakes/eventpage/tx2025slyeni","detail":"https://earthquake.usgs.gov/earthquakes/feed/v1.0/detail/tx2025slyeni.geojson","felt":null,"cdi":null,"mmi":null,"alert":null,"status":"reviewed","tsunami":0,"sig":30,"net":"tx","code":"2025slyeni","ids":",tx2025slyeni,","sources":",tx,","types":",origin,phase-data,","nst":19,"dmin":0.1,"rms":0.2,"gap":80,"magType":"ml","type":"earthquake","title":"M 1.4 - 14 km NE of Hermleigh, Texas"},"geometry":{"type":"Point","coordinates":[-100.669,32.741,6.3965]},"id":"tx2025slyeni"},
{"type":"Feature","properties":{"mag":1.89,"place":"22 km W of Petrolia, CA","time":1758278434880,"updated":1758280344102,"tz":null,"url":"https://earthquake.usgs.gov/earthquakes/eventpage/nc75239452","detail":"https://earthquake.usgs.gov/earthquakes/feed/v1.0/detail/nc75239452.geojson","felt":null,"cdi":null,"mmi":null,"alert":null,"status":"automatic","tsunami":0,"sig":55,"net":"nc","code":"75239452","ids":",nc75239452,","sources":",nc,","types":",nearby-cities,origin,phase-data,scitech-link,","nst":9,"dmin":0.1502,"rms":0.04,"gap":290,"magType":"md","type":"earthquake","title":"M 1.9 - 22 km W of Petrolia, CA"},"geometry":{"type":"Point","coordinates":[-124.538497924805,40.2985000610352,19.6499996185303]},"id":"nc75239452"},
{"type":"Feature","properties":{"mag":0.15,"place":"28 km W of Hebgen Lake Estates, Montana","time":1758278028920,"updated":1758323210020,"tz":null,"url":"https://earthquake.usgs.gov/earthquakes/eventpage/mb90112703","detail":"https://earthquake.usgs.gov/earthquakes/feed/v1.0/detail/mb90112703.geojson","felt":null,"cdi":null,"mmi":null,"alert":null,"status":"reviewed","tsunami":0,"sig":0,"net":"mb","code":"90112703","ids":",mb90112703,","sources":",mb,","types":",origin,phase-data,","nst":9,"dmin":0.02114,"rms":0.22,"gap":115,"magType":"ml","type":"earthquake","title":"M 0.2 - 28 km W of Hebgen Lake Estates, Montana"},"geometry":{"type":"Point","coordinates":[-111.5405,44.819,14.04]},"id":"mb90112703"},
{"type":"Feature","properties":{"mag":4.5,"place":"96 km E of Petropavlovsk-Kamchatsky, Russia","time":1758278028576,"updated":1758340470040,"tz":null,"url":"https://earthquake.usgs.gov/earthquakes/eventpage/us7000qx9t","detail":"https://earthquake.usgs.gov/earthquakes/feed/v1.0/detail/us7000qx9t.geojson","felt":null,"cdi":null,"mmi":null,"alert":null,"status":"reviewed","tsunami":0,"sig":312,"net":"us","code":"7000qx9t","ids":",us7000qx9t,","sources":",us,","types":",origin,phase-data,","nst":67,"dmin":0.855,"rms":0.62,"gap":62,"magType":"mb","type":"earthquake","title":"M 4.5 - 96 km E of Petropavlovsk-Kamchatsky, Russia"},"geometry":{"type":"Point","coordinates":[160.0595,53.1094,44.534]},"id":"us7000qx9t"},
{"type":"Feature","properties":{"mag":1.8,"place":"10 km SE of Schurz, Nevada","time":1758277614822,"updated":1758325041270,"tz":null,"url":"https://earthquake.usgs.gov/earthquakes/eventpage/nn00904647","detail":"https://earthquake.usgs.gov/earthquakes/feed/v1.0/detail/nn00904647.geojson","felt":null,"cdi":null,"mmi":null,"alert":null,"status":"reviewed","tsunami":0,"sig":50,"net":"nn","code":"00904647","ids":",nn00904647,","sources":",nn,","types":",origin,phase-data,","nst":20,"dmin":0.298,"rms":0.142,"gap":66.25,"magType":"ml","type":"earthquake","title":"M 1.8 - 10 km SE of Schurz, Nevada"},"geometry":{"type":"Point","coordinates":[-118.7339,38.876,9]},"id":"nn00904647"},
{"type":"Feature","properties":{"mag":4.6,"place":"70 km ENE of Petropavlovsk-Kamchatsky, Russia","time":1758277402219,"updated":1758339625040,"tz":null,"url":"https://earthquake.usgs.gov/earthquakes/eventpage/us7000qx9q","detail":"https://earthquake.usgs.gov/earthquakes/feed/v1.0/detail/us7000qx9q.geojson","felt":null,"cdi":null,"mmi":null,"alert":null,"status":"reviewed","tsunami":0,"sig":326,"net":"us","code":"7000qx9q","ids":",us7000qx9q,","sources":",us,","types":",origin,phase-data,","nst":92,"dmin":0.63,"rms":0.58,"gap":101,"magType":"mb","type":"earthquake","title":"M 4.6 - 70 km ENE of Petropavlovsk-Kamchatsky, Russia"},"geometry":{"type":"Point","coordinates":[159.6353,53.2332,67.199]},"id":"us7000qx9q"},
{"type":"Feature","properties":{"mag":0.28,"place":"65 km WNW of Anchor Point, Alaska","time":1758276841360,"updated":1758301654950,"tz":null,"url":"https://earthquake.usgs.gov/earthquakes/eventpage/av93778548","detail":"https://earthquake.usgs.gov/earthquakes/feed/v1.0/detail/av93778548.geojson","felt":null,"cdi":null,"mmi":null,"alert":null,"status":"reviewed","tsunami":0,"sig":1,"net":"av","code":"93778548","ids":",av93778548,","sources":",av,","types":",origin,phase-data,","nst":5,"dmin":0.05746,"rms":0.21,"gap":258,"magType":"ml","type":"earthquake","title":"M 0.3 - 65 km WNW of Anchor Point, Alaska"},"geometry":{"type":"Point","coordinates":[-152.904333333333,60.0126666666667,13.17]},"id":"av93778548"},
{"type":"Feature","properties":{"mag":1.9,"place":"4 km SW of Pāhala, Hawaii","time":1758276678710,"updated":1758276895690,"tz":null,"url":"https://earthquake.usgs.gov/earthquakes/eventpage/hv74779507","detail":"https://earthquake.usgs.gov/earthquakes/feed/v1.0/detail/hv74779507.geojson","felt":null,"cdi":null,"mmi":null,"alert":null,"status":"automatic","tsunami":0,"sig":56,"net":"hv","code":"74779507","ids":",hv74779507,","sources":",hv,","types":",origin,phase-data,","nst":48,"dmin":0.04608,"rms":0.170000002,"gap":112,"magType":"ml","type":"earthquake","title":"M 1.9 - 4 km SW of Pāhala, Hawaii"},"geometry":{"type":"Point","coordinates":[-155.508666992188,19.1691665649414,29.7399997711182]},"id":"hv74779507"},
{"type":"Feature","properties":{"mag":1.73,"place":"5 km E of Calumet, Oklahoma","time":1758276635969,"updated":1758297018721,"tz":null,"url":"https://earthquake.usgs.gov/earthquakes/eventpage/ok2025sjql","detail":"https://earthquake.usgs.gov/earthquakes/feed/v1.0/detail/ok2025sjql.geojson","felt":null,"cdi":null,"mmi":null,"alert":null,"status":"reviewed","tsunami":0,"sig":46,"net":"ok","code":"2025sjql","ids":",ok2025sjql,","sources":",ok,","types":",origin,phase-data,","nst":65,"dmin":0.1502705118,"rms":0.17,"gap":59,"magType":"ml","type":"earthquake","title":"M 1.7 - 5 km E of Calumet, Oklahoma"},"geometry":{"type":"Point","coordinates":[-98.05433333,35.60666667,5.94]},"id":"ok2025sjql"},
{"type":"Feature","properties":{"mag":4.8,"place":"South Sandwich Islands region","time":1758276402317,"updated":1758294836040,"tz":null,"url":"https://earthquake.usgs.gov/earthquakes/eventpage/us7000qx9k","detail":"https://earthquake.usgs.gov/earthquakes/feed/v1.0/detail/us7000qx9k.geojson","felt":null,"cdi":null,"mmi":null,"alert":null,"status":"reviewed","tsunami":0,"sig":354,"net":"us","code":"7000qx9k","ids":",us7000qx9k,","sources":",us,","types":",origin,phase-data,","nst":62,"dmin":7.834,"rms":0.56,"gap":82,"magType":"mb","type":"earthquake","title":"M 4.8 - South Sandwich Islands region"},"geometry":{"type":"Point","coordinates":[-25.0757,-58.9435,10]},"id":"us7000qx9k"},
{"type":"Feature","properties":{"mag":4.6,"place":"161 km ESE of Petropavlovsk-Kamchatsky, Russia","time":1758275900229,"updated":1758280512040,"tz":null,"url":"https://earthquake.usgs.gov/earthquakes/eventpage/us7000qx9e","detail":"https://earthquake.usgs.gov/earthquakes/feed/v1.0/detail/us7000qx9e.geojson","felt":null,"cdi":null,"mmi":null,"alert":null,"status":"reviewed","tsunami":0,"sig":326,"net":"us","code":"7000qx9e","ids":",us7000qx9e,","sources":",us,","types":",origin,phase-data,","nst":21,"dmin":1.422,"rms":0.99,"gap":85,"magType":"mb","type":"earthquake","title":"M 4.6 - 161 km ESE of Petropavlovsk-Kamchatsky, Russia"},"geometry":{"type":"Point","coordinates":[160.6687,52.3102,25.948]},"id":"us7000qx9e"},
{"type":"Feature","properties":{"mag":1.04,"place":"6 km NNW of The Geysers, CA","time":1758275482020,"updated":1758278237832,"tz":null,"url":"https://earthquake.usgs.gov/earthquakes/eventpage/nc75239447","detail":"https://earthquake.usgs.gov/earthquakes/feed/v1.0/detail/nc75239447.geojson","felt":null,"cdi":null,"mmi":null,"alert":null,"status":"automatic","tsunami":0,"sig":17,"net":"nc","code":"75239447","ids":",nc75239447,","sources":",nc,","types":",nearby-cities,origin,phase-data,scitech-link,","nst":18,"dmin":0.004802,"rms":0.03,"gap":55,"magType":"md","type":"earthquake","title":"M 1.0 - 6 km NNW of The Geysers, CA"},"geometry":{"type":"Point","coordinates":[-122.805335998535,38.8203315734863,2.47000002861023]},"id":"nc75239447"},
{"type":"Feature","properties":{"mag":-0.4,"place":"51 km ESE of Beatty, Nevada","time":1758275401122,"updated":1758287023664,"tz":null,"url":"https://earthquake.usgs.gov/earthquakes/eventpage/nn00904646","detail":"https://earthquake.usgs.gov/earthquakes/feed/v1.0/detail/nn00904646.geojson","felt":null,"cdi":null,"mmi":null,"alert":null,"status":"reviewed","tsunami":0,"sig":0,"net":"nn","code":"00904646","ids":",nn00904646,","sources":",nn,","types":",origin,phase-data,","nst":6,"dmin":0.053,"rms":0.0362,"gap":133.68,"magType":"ml","type":"earthquake","title":"M -0.4 - 51 km ESE of Beatty, Nevada"},"geometry":{"type":"Point","coordinates":[-116.2741,36.6543,7]},"id":"nn00904646"},
{"type":"Feature","properties":{"mag":-0.2,"place":"37 km WNW of Indian Springs, Nevada","time":1758275148139,"updated":1758286655482,"tz":null,"url":"https://earthquake.usgs.gov/earthquakes/eventpage/nn00904657","detail":"https://earthquake.usgs.gov/earthquakes/feed/v1.0/detail/nn00904657.geojson","felt":null,"cdi":null,"mmi":null,"alert":null,"status":"reviewed","tsunami":0,"sig":0,"net":"nn","code":"00904657","ids":",nn00904657,","sources":",nn,","types":",origin,phase-data,","nst":8,"dmin":0.039,"rms":0.0362,"gap":165.17000000000002,"magType":"ml","type":"earthquake","title":"M -0.2 - 37 km WNW of Indian Springs, Nevada"},"geometry":{"type":"Point","coordinates":[-116.0552,36.7135,5.3]},"id":"nn00904657"},
{"type":"Feature","properties":{"mag":4.5,"place":"151 km ESE of Petropavlovsk-Kamchatsky, Russia","time":1758274397762,"updated":1758341065040,"tz":null,"url":"https://earthquake.usgs.gov/earthquakes/eventpage/us7000qx9b","detail":"https://earthquake.usgs.gov/earthquakes/feed/v1.0/detail/us7000qx9b.geojson","felt":null,"cdi":null,"mmi":null,"alert":null,"status":"reviewed","tsunami":0,"sig":312,"net":"us","code":"7000qx9b","ids":",us7000qx9b,","sources":",us,","types":",origin,phase-data,","nst":41,"dmin":1.34,"rms":0.35,"gap":120,"magType":"mb","type":"earthquake","title":"M 4.5 - 151 km ESE of Petropavlovsk-Kamchatsky, Russia"},"geometry":{"type":"Point","coordinates":[160.8061,52.7277,10]},"id":"us7000qx9b"},
{"type":"Feature","properties":{"mag":4.6,"place":"South Sandwich Islands region","time":1758274078037,"updated":1758338665040,"tz":null,"url":"https://earthquake.usgs.gov/earthquakes/eventpage/us7000qx9d","detail":"https://earthquake.usgs.gov/earthquakes/feed/v1.0/detail/us7000qx9d.geojson","felt":null,"cdi":null,"mmi":null,"alert":null,"status":"reviewed","tsunami":0,"sig":326,"net":"us","code":"7000qx9d","ids":",us7000qx9d,","sources":",us,","types":",origin,phase-data,","nst":29,"dmin":7.833,"rms":0.43,"gap":182,"magType":"mb","type":"earthquake","title":"M 4.6 - South Sandwich Islands region"},"geometry":{"type":"Point","coordinates":[-25.0396,-58.9109,10]},"id":"us7000qx9d"},
{"type":"Feature","properties":{"mag":1.1,"place":"22 km NNE of Yerington, Nevada","time":1758274049256,"updated":1758322460146,"tz":null,"url":"https://earthquake.usgs.gov/earthquakes/eventpage/nn00904645","detail":"https://earthquake.usgs.gov/earthquakes/feed/v1.0/detail/nn00904645.geojson","felt":null,"cdi":null,"mmi":null,"alert":null,"status":"reviewed","tsunami":0,"sig":19,"net":"nn","code":"00904645","ids":",nn00904645,","sources":",nn,","types":",origin,phase-data,","nst":16,"dmin":0.24,"rms":0.1525,"gap":106.57,"magType":"ml","type":"earthquake","title":"M 1.1 - 22 km NNE of Yerington, Nevada"},"geometry":{"type":"Point","coordinates":[-119.0333,39.1632,10.5]},"id":"nn00904645"},
{"type":"Feature","properties":{"mag":2.5,"place":"71 km NW of Koliganek, Alaska","time":1758274014549,"updated":1758274156741,"tz":null,"url":"https://earthquake.usgs.gov/earthquakes/eventpage/ak025c1gbini","detail":"https://earthquake.usgs.gov/earthquakes/feed/v1.0/detail/ak025c1gbini.geojson","felt":null,"cdi":null,"mmi":null,"alert":null,"status":"automatic","tsunami":0,"sig":96,"net":"ak","code":"025c1gbini","ids":",ak025c1gbini,","sources":",ak,","types":",origin,phase-data,","nst":null,"dmin":null,"rms":1.6,"gap":null,"magType":"ml","type":"earthquake","title":"M 2.5 - 71 km NW of Koliganek, Alaska"},"geometry":{"type":"Point","coordinates":[-158.2432,60.1514,20]},"id":"ak025c1gbini"},
{"type":"Feature","properties":{"mag":0.77,"place":"37 km NNE of Amboy, Washington","time":1758273979400,"updated":1758305429600,"tz":null,"url":"https://earthquake.usgs.gov/earthquakes/eventpage/uw62191391","detail":"https://earthquake.usgs.gov/earthquakes/feed/v1.0/detail/uw62191391.geojson","felt":null,"cdi":null,"mmi":null,"alert":null,"status":"reviewed","tsunami":0,"sig":9,"net":"uw","code":"62191391","ids":",uw62191391,","sources":",uw,","types":",origin,phase-data,","nst":26,"dmin":0.005283,"rms":0.13,"gap":68,"magType":"ml","type":"earthquake","title":"M 0.8 - 37 km NNE of Amboy, Washington"},"geometry":{"type":"Point","coordinates":[-122.19066666666667,46.1945,6.42]},"id":"uw62191391"},
{"type":"Feature","properties":{"mag":4.8,"place":"South Sandwich Islands region","time":1758273754699,"updated":1758274964040,"tz":null,"url":"https://earthquake.usgs.gov/earthquakes/eventpage/us7000qx96","detail":"https://earthquake.usgs.gov/earthquakes/feed/v1.0/detail/us7000qx96.geojson","felt":null,"cdi":null,"mmi":null,"alert":null,"status":"reviewed","tsunami":0,"sig":354,"net":"us","code":"7000qx96","ids":",us7000qx96,","sources":",us,","types":",origin,phase-data,","nst":47,"dmin":7.852,"rms":0.51,"gap":79,"magType":"mb","type":"earthquake","title":"M 4.8 - South Sandwich Islands region"},"geometry":{"type":"Point","coordinates":[-24.8833,-58.8133,10]},"id":"us7000qx96"},
{"type":"Feature","properties":{"mag":1.83000004,"place":"3 km SW of Pāhala, Hawaii","time":1758273749480,"updated":1758274033180,"tz":null,"url":"https://earthquake.usgs.gov/earthquakes/eventpage/hv74779447","detail":"https://earthquake.usgs.gov/earthquakes/feed/v1.0/detail/hv74779447.geojson","felt":null,"cdi":null,"mmi":null,"alert":null,"status":"automatic","tsunami":0,"sig":52,"net":"hv","code":"74779447","ids":",hv74779447,","sources":",hv,","types":",origin,phase-data,","nst":53,"dmin":0.04609,"rms":0.150000006,"gap":92,"magType":"md","type":"earthquake","title":"M 1.8 - 3 km SW of Pāhala, Hawaii"},"geometry":{"type":"Point","coordinates":[-155.501159667969,19.1831665039062,30.6299991607666]},"id":"hv74779447"},
{"type":"Feature","properties":{"mag":4.8,"place":"156 km ESE of Petropavlovsk-Kamchatsky, Russia","time":1758273729310,"updated":1758275295040,"tz":null,"url":"https://earthquake.usgs.gov/earthquakes/eventpage/us7000qx94","detail":"https://earthquake.usgs.gov/earthquakes/feed/v1.0/detail/us7000qx94.geojson","felt":null,"cdi":null,"mmi":null,"alert":null,"status":"reviewed","tsunami":0,"sig":354,"net":"us","code":"7000qx94","ids":",us7000qx94,","sources":",us,","types":",origin,phase-data,","nst":41,"dmin":1.386,"rms":0.87,"gap":133,"magType":"mb","type":"earthquake","title":"M 4.8 - 156 km ESE of Petropavlovsk-Kamchatsky, Russia"},"geometry":{"type":"Point","coordinates":[160.9003,52.7713,16.444]},"id":"us7000qx94"},
{"type":"Feature","properties":{"mag":4.7,"place":"95 km E of Petropavlovsk-Kamchatsky, Russia","time":1758273421451,"updated":1758276560040,"tz":null,"url":"https://earthquake.usgs.gov/earthquakes/eventpage/us7000qx93","detail":"https://earthquake.usgs.gov/earthquakes/feed/v1.0/detail/us7000qx93.geojson","felt":null,"cdi":null,"mmi":null,"alert":null,"status":"reviewed","tsunami":0,"sig":340,"net":"us","code":"7000qx93","ids":",us7000qx93,","sources":",us,","types":",origin,phase-data,","nst":61,"dmin":0.857,"rms":1.06,"gap":116,"magType":"mb","type":"earthquake","title":"M 4.7 - 95 km E of Petropavlovsk-Kamchatsky, Russia"},"geometry":{"type":"Point","coordinates":[160.0287,53.2313,53.535]},"id":"us7000qx93"},
{"type":"Feature","properties":{"mag":1.9,"place":"52 km NNE of Petersville, Alaska","time":1758273305020,"updated":1758273431027,"tz":null,"url":"https://earthquake.usgs.gov/earthquakes/eventpage/ak025c1g91ye","detail":"https://earthquake.usgs.gov/earthquakes/feed/v1.0/detail/ak025c1g91ye.geojson","felt":null,"cdi":null,"mmi":null,"alert":null,"status":"automatic","tsunami":0,"sig":56,"net":"ak","code":"025c1g91ye","ids":",ak025c1g91ye,","sources":",ak,","types":",origin,phase-data,","nst":null,"dmin":null,"rms":0.55,"gap":null,"magType":"ml","type":"earthquake","title":"M 1.9 - 52 km NNE of Petersville, Alaska"},"geometry":{"type":"Point","coordinates":[-150.4841,62.9503,1.4]},"id":"ak025c1g91ye"},
{"type":"Feature","properties":{"mag":1.06,"place":"3 km SE of Borrego Springs, CA","time":1758273302420,"updated":1758273536682,"tz":null,"url":"https://earthquake.usgs.gov/earthquakes/eventpage/ci40446138","detail":"https://earthquake.usgs.gov/earthquakes/feed/v1.0/detail/ci40446138.geojson","felt":null,"cdi":null,"mmi":null,"alert":null,"status":"automatic","tsunami":0,"sig":17,"net":"ci","code":"40446138","ids":",ci40446138,","sources":",ci,","types":",nearby-cities,origin,phase-data,scitech-link,","nst":47,"dmin":0.1731,"rms":0.19,"gap":26,"magType":"ml","type":"earthquake","title":"M 1.1 - 3 km SE of Borrego Springs, CA"},"geometry":{"type":"Point","coordinates":[-116.3531667,33.2355,14.47]},"id":"ci40446138"},
{"type":"Feature","properties":{"mag":5.4,"place":"South Sandwich Islands region","time":1758273116378,"updated":1758281974756,"tz":null,"url":"https://earthquake.usgs.gov/earthquakes/eventpage/us7000qx91","detail":"https://earthquake.usgs.gov/earthquakes/feed/v1.0/detail/us7000qx91.geojson","felt":null,"cdi":null,"mmi":3.025,"alert":"green","status":"reviewed","tsunami":0,"sig":449,"net":"us","code":"7000qx91","ids":",us7000qx91,","sources":",us,","types":",losspager,origin,phase-data,shakemap,","nst":59,"dmin":7.954,"rms":0.44,"gap":83,"magType":"mb","type":"earthquake","title":"M 5.4 - South Sandwich Islands region"},"geometry":{"type":"Point","coordinates":[-24.6102,-58.7694,10]},"id":"us7000qx91"},
{"type":"Feature","properties":{"mag":1.2,"place":"11 km W of Clear Creek, Utah","time":1758272553060,"updated":1758295147590,"tz":null,"url":"https://earthquake.usgs.gov/earthquakes/eventpage/uu80004888","detail":"https://earthquake.usgs.gov/earthquakes/feed/v1.0/detail/uu80004888.geojson","felt":null,"cdi":null,"mmi":null,"alert":null,"status":"reviewed","tsunami":0,"sig":22,"net":"uu","code":"80004888","ids":",uu80004888,","sources":",uu,","types":",origin,phase-data,","nst":13,"dmin":0.06117,"rms":0.23,"gap":153,"magType":"ml","type":"earthquake","title":"M 1.2 - 11 km W of Clear Creek, Utah"},"geometry":{"type":"Point","coordinates":[-111.2815,39.6281666666667,-3.4]},"id":"uu80004888"}],"bbox":[-178.791,-58.9435,-3.4,179.57066666667,65.7196,553.81]}